,actor_1_name,director_name
0,CCH Pounder,James Cameron
1,Doug Walker,Doug Walker
2,Johnny Depp,Gore Verbinski
3,Christoph Waltz,Sam Mendes
4,Tom Hardy,Christopher Nolan
5,Johnny Depp,Gore Verbinski
6,Daryl Sabara,Andrew Stanton
7,Brad Garrett,Nathan Greno
8,J.K. Simmons,Sam Raimi
9,J.K. Simmons,Sam Raimi
10,Chris Hemsworth,Joss Whedon
11,Robert Downey Jr.,Anthony Russo
12,Henry Cavill,Zack Snyder
13,Aidan Turner,Peter Jackson
14,Alan Rickman,David Yates
15,Aidan Turner,Peter Jackson
16,Aidan Turner,Peter Jackson
17,Johnny Depp,Rob Marshall
18,Kevin Spacey,Bryan Singer
19,Giancarlo Giannini,Marc Forster
20,Johnny Depp,Gore Verbinski
21,Henry Cavill,Zack Snyder
22,Peter Dinklage,Andrew Adamson
23,Emma Stone,Marc Webb
24,Bryce Dallas Howard,Colin Trevorrow
25,Glenn Morshower,Michael Bay
26,Bingbing Li,Michael Bay
27,Hugh Jackman,Brett Ratner
28,Mark Addy,Ridley Scott
29,Liam Neeson,Peter Berg
30,Leonardo DiCaprio,James Cameron
31,Tom Hanks,Lee Unkrich
32,Robert Downey Jr.,Shane Black
33,J.K. Simmons,Sam Raimi
34,Albert Finney,Sam Mendes
35,Albert Finney,Sam Mendes
36,Steve Buscemi,Dan Scanlon
37,Tim Holmes,Sam Raimi
38,Tim Holmes,Sam Raimi
39,Jennifer Lawrence,Bryan Singer
40,Emma Stone,Marc Webb
41,Joe Mantegna,John Lasseter
42,Jeff Bridges,Joseph Kosinski
43,Jeff Bridges,Joseph Kosinski
44,Oliver Platt,Roland Emmerich
45,Christian Bale,McG
46,Ryan Reynolds,Martin Campbell
47,Jake Gyllenhaal,Mike Newell
48,Glenn Morshower,Michael Bay
49,Eddie Marsan,Bryan Singer
50,Jason Statham,James Wan
51,Benedict Cumberbatch,J.J. Abrams
52,Peter Capaldi,Marc Forster
53,Robin Wright,Robert Zemeckis
54,Charlie Hunnam,Guillermo del Toro
55,A.J. Buckley,Peter Sohn
56,Robert Downey Jr.,Jon Favreau
57,Christian Bale,Christopher Nolan
58,Harrison Ford,Steven Spielberg
59,Kelly Macdonald,Mark Andrews
60,Sofia Boutella,Justin Lin
61,Jim Broadbent,Andrew Adamson
62,Angelina Jolie Pitt,Robert Stromberg
63,John Ratzenberger,Andrew Stanton
64,Chloë Grace Moretz,Martin Scorsese
65,Channing Tatum,Lana Wachowski
66,Jennifer Lawrence,Bryan Singer
67,Tom Cruise,Doug Liman
68,Amy Poehler,Pete Docter
69,John Ratzenberger,Pete Docter
70,Amy Poehler,Rob Letterman
71,Will Smith,David Ayer
72,Joseph Gordon-Levitt,Stephen Sommers
73,Will Smith,Barry Sonnenfeld
74,Jet Li,Rob Cohen
75,Jimmy Bennett,Tom Shadyac
76,Jeanne Tripplehorn,Kevin Reynolds
77,Keanu Reeves,Carl Rinsch
78,Bradley Cooper,James Gunn
79,Robert Downey Jr.,Jon Favreau
80,Scarlett Johansson,Anthony Russo
81,Gary Oldman,Matt Reeves
82,Tom Hanks,Robert Zemeckis
83,Chris Hemsworth,Rupert Sanders
84,Nick Stahl,Jonathan Mostow
85,Johnny Depp,James Bobin
86,Jon Hamm,Mike Mitchell
87,Damon Wayans Jr.,Don Hall
88,Gerard Butler,Dean DeBlois
89,Jack McBrayer,Rich Moore
90,Matthew McConaughey,Christopher Nolan
91,Vivica A. Fox,Roland Emmerich
92,Justin Timberlake,Chris Miller
93,Jennifer Lawrence,Francis Lawrence
94,Jennifer Lawrence,Matthew Vaughn
95,Brad Pitt,David Fincher
96,Nicolas Cage,Jon Turteltaub
97,Jimmy Bennett,Wolfgang Petersen
98,Dominic Cooper,Duncan Jones
99,Bruce Spence,Michael Apted
100,J.K. Simmons,Alan Taylor
101,Anthony Hopkins,Oliver Stone
102,Jennifer Garner,Michael Bay
103,Josh Gad,Chris Buck
104,Robert Pattinson,David Yates
105,Robert Pattinson,Mike Newell
106,Steve Bastoni,Lana Wachowski
107,Will Smith,Francis Lawrence
108,Will Smith,Peter Berg
109,Johnny Depp,Tim Burton
110,Janeane Garofalo,Brad Bird
111,Chris Hemsworth,Alan Taylor
112,Christian Bale,Christopher Nolan
113,Tom Cruise,Christopher McQuarrie
114,Chris Hemsworth,Kenneth Branagh
115,Bernie Mac,Eric Darnell
116,Hugh Jackman,Gavin Hood
117,Robin Williams,Shawn Levy
118,Angelina Jolie Pitt,Jennifer Yuh Nelson
119,Tom Hardy,George Miller
120,Essie Davis,Lana Wachowski
121,Philip Seymour Hoffman,J.J. Abrams
122,Tom Hanks,Ron Howard
123,Seychelle Gabriel,M. Night Shyamalan
124,Matthew Broderick,Steve Hickner
125,Kelli Garner,Hoyt Yeatman
126,Liam Neeson,Jonathan Liebesman
127,Robin Wright,Robert Zemeckis
128,Johnny Depp,Tim Burton
129,Channing Tatum,Roland Emmerich
130,Anthony Hopkins,Joe Johnston
131,Elisabeth Harnois,Simon Wells
132,Hugh Jackman,David Bowers
133,Jada Pinkett Smith,Eric Darnell
134,Tom Cruise,Brad Bird
135,Gerard Butler,Dean DeBlois
136,Gideon Emery,Gideon Raff
137,Ty Burrell,Rob Minkoff
138,Hugh Jackman,Peter Ramsey
139,Matthew McConaughey,Breck Eisner
140,Toby Stephens,Lee Tamahori
141,Chris Hemsworth,J.J. Abrams
142,Bruce Willis,Michael Bay
143,Chris Evans,Joe Johnston
144,J.K. Simmons,Alessandro Carloni
145,Channing Tatum,Jon M. Chu
146,Tom Cruise,Edward Zwick
147,John Michael Higgins,Dean Parisot
148,Christian Bale,Ridley Scott
149,Christian Bale,Ridley Scott
150,Mark Rylance,Steven Spielberg
151,Gerard Butler,Alex Proyas
152,J.K. Simmons,Sam Raimi
153,Matt Frewer,Zack Snyder
154,Sam Shepard,Rob Cohen
155,Ty Burrell,Louis Leterrier
156,Kevin Rankin,Ang Lee
157,Steve Buscemi,Hironobu Sakaguchi
158,Ryan Reynolds,Kirk De Micco
159,Leonardo DiCaprio,Alejandro G. Iñárritu
160,Colin Salmon,Michael Apted
161,Johnny Depp,Gore Verbinski
162,James D'Arcy,Peter Weir
163,Ryan Reynolds,David Soren
164,Stephen Amell,Dave Green
165,Robin Williams,George Miller
166,Don Johnson,
167,Tom Cruise,Steven Spielberg
168,Benedict Cumberbatch,Eric Darnell
169,Jennifer Lawrence,Francis Lawrence
170,Daniel Radcliffe,Alfonso Cuarón
171,Matt Damon,Paul Greengrass
172,Angelina Jolie Pitt,Mark Osborne
173,Judy Greer,Peyton Reed
174,Salma Hayek,Chris Miller
175,J.K. Simmons,Tom McGrath
176,Will Smith,Michael Bay
177,Miguel Ferrer,Carlos Saldanha
178,Angelina Jolie Pitt,Phillip Noyce
179,Toby Jones,Steven Spielberg
180,Will Smith,M. Night Shyamalan
181,Essie Davis,Baz Luhrmann
182,Ryan Reynolds,Robert Schwentke
183,Alfre Woodard,Eric Leighton
184,Robin Williams,Shawn Levy
185,Rupert Grint,Matt Birch
186,Jennifer Lawrence,Francis Lawrence
187,Daniel Radcliffe,Chris Columbus
188,Johnny Depp,Gore Verbinski
189,Rupert Grint,Matt Birch
190,Tom Hanks,Ron Howard
191,Paul Walker,Justin Lin
192,Robert Downey Jr.,Guy Ritchie
193,Jake Gyllenhaal,Roland Emmerich
194,Michael Fassbender,Ridley Scott
195,Jeremy Renner,Tony Gilroy
196,Michael Gough,Joel Schumacher
197,Tony Curran,John McTiernan
198,Clint Howard,Ron Howard
199,Karen Allen,Wolfgang Petersen
200,Chris Evans,Tim Story
201,Suraj Sharma,Ang Lee
202,Nicolas Cage,Mark Steven Johnson
203,Matt Damon,Paul Greengrass
204,Demi Moore,McG
205,Matt Damon,Neill Blomkamp
206,Morgan Freeman,Joseph Kosinski
207,Nathan Lane,Rob Minkoff
208,Vin Diesel,David Twohy
209,Scott Porter,Lana Wachowski
210,Shelley Conn,James L. Brooks
211,Tom Cruise,James Mangold
212,Natalie Portman,George Lucas
213,Natalie Portman,George Lucas
214,Natalie Portman,George Lucas
215,Steve Buscemi,Pete Docter
216,Hugh Jackman,James Mangold
217,Jamie Renée Smith,Roger Donaldson
218,Chris Hemsworth,Cedric Nicolas-Troyan
219,Nicolas Cage,John Woo
220,Alain Delon,Frédéric Forestier
221,James Corden,Rob Letterman
222,Phaldut Sharma,Alfonso Cuarón
223,Robin Williams,Shawn Levy
224,Brad Pitt,Doug Liman
225,Dwayne Johnson,Brad Peyton
226,Mahadeo Shivraj,Raja Gosnell
227,Bruce Willis,Len Wiseman
228,Brad Pitt,Steven Soderbergh
229,Vincent Schiavelli,Roger Spottiswoode
230,Heath Ledger,Roland Emmerich
231,Eva Green,Noam Murro
232,Leonardo DiCaprio,Martin Scorsese
233,Christoph Waltz,Michel Gondry
234,Hugh Jackman,Shawn Levy
235,Jacob Tremblay,Raja Gosnell
236,Denzel Washington,Tony Scott
237,Harrison Ford,Gavin Hood
238,Steve Buscemi,Will Finn
239,Jason Patric,Jan de Bont
240,Christopher Lee,Peter Jackson
241,Sean Hayes,Bo Welch
242,Will Smith,Michael Mann
243,Matt Damon,Ridley Scott
244,Will Smith,Alex Proyas
245,Chazz Palminteri,Rob Minkoff
246,Oprah Winfrey,Ron Clements
247,Mathew Buck,Christopher Barnard
248,Del Zamora,Peter Chelsom
249,Nicolas Cage,Dominic Sena
250,Djimon Hounsou,Ridley Scott
251,Johnny Depp,Michael Mann
252,Tom Cruise,Steven Spielberg
253,Tom Hanks,Tom Tykwer
254,Daniel Radcliffe,Chris Columbus
255,Joe Morton,James Cameron
256,Michael Gough,Joel Schumacher
257,Nicolas Cage,Jon Turteltaub
258,Leonardo DiCaprio,Quentin Tarantino
259,Robert De Niro,Paul Weitz
260,Jamie Lee Curtis,James Cameron
261,Denzel Washington,Ridley Scott
262,Will Forte,Phil Lord
263,Dwayne Johnson,Adam McKay
264,Leonardo DiCaprio,Martin Scorsese
265,Josh Hutcherson,Chris Wedge
266,Vanessa Williams,Chuck Russell
267,Demi Moore,Gary Trousdale
268,Eartha Kitt,Mark Dindal
269,Jason Statham,Simon West
270,Catherine O'Hara,Spike Jonze
271,Djimon Hounsou,Stefen Fangmeier
272,CCH Pounder,Peter Hyams
273,Jon Lovitz,Frank Oz
274,Jeff Bridges,Ash Brannon
275,Leonardo DiCaprio,Edward Zwick
276,Abbie Cornish,Zack Snyder
277,Jake Busey,Paul Verhoeven
278,Will Ferrell,Brad Silberling
279,Frances Conroy,Pitof
280,Jason Statham,Patrick Hughes
281,Joseph Gordon-Levitt,Ron Clements
282,Matt Damon,Paul Greengrass
283,Johnny Depp,Wally Pfister
284,Jamie Kennedy,Lawrence Guterman
285,Ben Gazzara,David Mamet
286,Rosario Dawson,Ron Underwood
287,Francesca Capaldi,Steve Martino
288,Dwayne Johnson,Stephen Sommers
289,Leonardo DiCaprio,Martin Scorsese
290,Peter Dinklage,Steve Martino
291,Ioan Gruffudd,Ridley Scott
292,Logan Lerman,Chris Columbus
293,Denzel Washington,Tony Scott
294,Milla Jovovich,Luc Besson
295,Frank Welker,Bibo Bergeron
296,Michael Imperioli,Peter Jackson
297,Michael Imperioli,Peter Jackson
298,Jeff Bridges,Sergey Bodrov
299,Alexander Gould,Andrew Stanton
300,Orlando Bloom,Peter Jackson
301,Christopher Lee,Peter Jackson
302,Angelina Jolie Pitt,Simon West
303,Michael Jeter,Joe Johnston
304,James Franco,Rupert Wyatt
305,Martin Short,Mark Waters
306,Holly Hunter,Brad Bird
307,Bruce Willis,John Moore
308,Christopher Masterson,Renny Harlin
309,Adam Scott,Ben Stiller
310,Will Smith,Barry Sonnenfeld
311,Tom Hanks,John Lasseter
312,Mei Melançon,Brett Ratner
313,Robert Downey Jr.,Guy Ritchie
314,Denis Leary,Carlos Saldanha
315,Harrison Ford,Robert Zemeckis
316,Anne Hathaway,Carlos Saldanha
317,Leonardo DiCaprio,Martin Scorsese
318,Bill Murray,McG
319,Ming-Na Wen,Tony Bancroft
320,Robert Downey Jr.,Ben Stiller
321,Robin Wright,David Fincher
322,Matthew McConaughey,Robert Zemeckis
323,Adam Sandler,Dennis Dugan
324,Bruce Willis,John McTiernan
325,Bella Thorne,Walt Becker
326,Leonard Nimoy,Gary Trousdale
327,Tom Cruise,Bryan Singer
328,Peter Dinklage,Chris Columbus
329,Haley Joel Osment,Steven Spielberg
330,Marsha Thomason,Rob Minkoff
331,Greg Grunberg,Paul Verhoeven
332,Curtiss Cook,Sydney Pollack
333,Logan Lerman,Thor Freudenthal
334,Gerard Butler,Jan de Bont
335,Daniel Radcliffe,Jon M. Chu
336,Brad Pitt,Tony Scott
337,Alun Armstrong,Phillip Noyce
338,Don Cheadle,Brian De Palma
339,Robin Williams,Chris Columbus
340,Don Cheadle,Mick Jackson
341,Harrison Ford,Alan J. Pakula
342,Liam Neeson,Kathryn Bigelow
343,Milla Jovovich,Paul W.S. Anderson
344,Shirley Henderson,Andrey Konchalovskiy
345,Paddy Considine,Ron Howard
346,Jeff Bridges,Gary Ross
347,Tom Hanks,Robert Zemeckis
348,Brad Pitt,Steven Soderbergh
349,Matt Damon,Paul Greengrass
350,Harrison Ford,Wolfgang Petersen
351,Kate Winslet,Neil Burger
352,Steve Buscemi,Genndy Tartakovsky
353,Jeff Bennett,Kevin Lima
354,Denzel Washington,Daniel Espinosa
355,Al Pacino,Steven Soderbergh
356,Meryl Streep,Nancy Meyers
357,Will Smith,Tony Scott
358,Jon Favreau,Roger Allers
359,Matthew Broderick,Brett Ratner
360,Ioan Gruffudd,Kevin Lima
361,Julia Roberts,Tarsem Singh
362,Kate Winslet,Nancy Meyers
363,Amber Stevens West,Justin Lin
364,Li Gong,Rob Marshall
365,Bob Hoskins,Jean-Jacques Annaud
366,F. Murray Abraham,John McTiernan
367,Dwayne Johnson,Peter Berg
368,Jim Broadbent,Sarah Smith
369,Jack McBrayer,Brad Peyton
370,Anthony Hopkins,Martin Brest
371,Raymond Cruz,Andrew Davis
372,Robert Downey Jr.,David Fincher
373,Anna Kendrick,Edgar Wright
374,Glenn Morshower,Jon Amiel
375,Sarah Michelle Gellar,Raja Gosnell
376,Larry Miller,Peter Segal
377,Bruce Willis,Dean Parisot
378,Adam Sandler,Frank Coraci
379,Steve Buscemi,Gary Winick
380,Kristen Stewart,Doug Liman
381,Seth MacFarlane,Guillermo del Toro
382,Adam Sandler,Peter Segal
383,Jason Statham,Sylvester Stallone
384,Robert Duvall,Roger Spottiswoode
385,Morgan Freeman,Tom Shadyac
386,Jennifer Lawrence,Gary Ross
387,Bradley Cooper,Todd Phillips
388,Steve Buscemi,Genndy Tartakovsky
389,Michael Gough,Tim Burton
390,Bruce Willis,Tim Johnson
391,Tia Carrere,Dean DeBlois
392,Morgan Freeman,Mimi Leder
393,Steve Buscemi,Dennis Dugan
394,Amy Poehler,Mike Mitchell
395,Bill Murray,Peter Segal
396,Jim Broadbent,Chris Wedge
397,Leonardo DiCaprio,Martin Scorsese
398,Keanu Reeves,Nancy Meyers
399,Jon Favreau,Seth Gordon
400,Nicolas Cage,John Woo
401,Adam Sandler,Adam Shankman
402,Tom Hanks,Sam Mendes
403,Adam Sandler,Dennis Dugan
404,Rosario Dawson,D.J. Caruso
405,Steve Buscemi,Simon West
406,Justin Timberlake,Eric Brevig
407,Philip Seymour Hoffman,Anthony Minghella
408,Denzel Washington,Albert Hughes
409,Robin Williams,Les Mayfield
410,Bill Murray,Joe Pytka
411,Brad Pitt,David Ayer
412,Roger Rees,Shawn Levy
413,Rosario Dawson,Frank Coraci
414,Julia Roberts,Richard Donner
415,Harrison Ford,Ivan Reitman
416,Matt Damon,Kelly Asbury
417,Hugh Jackman,Dominic Sena
418,Gary Oldman,Stephen Hopkins
419,Denzel Washington,Jonathan Demme
420,Quincy Jones,James Algar
421,Mark Addy,Simon Wells
422,Robin Williams,Vincent Ward
423,Charlize Theron,Ron Underwood
424,Michael Emerson,Martin Campbell
425,Adam Sandler,Steven Brill
426,Matt Damon,Terry Gilliam
427,Natalie Portman,Tim Burton
428,Charlie Rowe,Barry Cook
429,Bruce Greenwood,Roger Donaldson
430,Sylvester Stallone,Rob Cohen
431,Vin Diesel,Breck Eisner
432,Sasha Roiz,Paul W.S. Anderson
433,Brendan Fraser,Joe Dante
434,Fergie,Rob Marshall
435,Paul Walker,Richard Donner
436,Pedro Armendáriz Jr.,Jacques Perrin
437,Adam Goldberg,George Miller
438,Olivia Williams,Kevin Costner
439,Bob Neill,Antony Hoffman
440,Roger Rees,Oliver Hirschbiegel
441,David Oyelowo,Peter Hyams
442,Matthew Broderick,Roger Allers
443,Josh Hutcherson,Brad Peyton
444,Al Pacino,Dennis Dugan
445,Adam Goldberg,Ron Howard
446,Will Forte,Cody Cameron
447,Philip Seymour Hoffman,Brett Ratner
448,J.K. Simmons,Joe Johnston
449,Jason Flemyng,Stephen Norrington
450,James D'Arcy,Renny Harlin
451,Jeff Bridges,Mark Osborne
452,Steve Carell,Pierre Coffin
453,Charlie Hunnam,Alfonso Cuarón
454,Robert De Niro,Des McAnuff
455,Steve Coogan,Yarrow Cheney
456,Will Smith,Roland Emmerich
457,Ariana Richards,Steven Spielberg
458,Denis Leary,Carlos Saldanha
459,Jada Pinkett Smith,Eric Darnell
460,Steve Buscemi,Dennis Dugan
461,Robert De Niro,Bibo Bergeron
462,Hugh Jackman,Bryan Singer
463,Angelina Jolie Pitt,Timur Bekmambetov
464,Nicolas Cage,Michael Bay
465,Adam Sandler,Peter Segal
466,Jerry Stiller,Adam Shankman
467,Morgan Freeman,Louis Leterrier
468,Loretta Devine,Bill Condon
469,Matthew Broderick,David Kellogg
470,Henry Cavill,Tarsem Singh
471,Tom Hanks,Steven Spielberg
472,Walter Hendrix III,Neil Mcenery-West
473,Steve Buscemi,Gil Kenan
474,Don Cheadle,Thor Freudenthal
475,Nicholas Lea,Martin Campbell
476,Philip Seymour Hoffman,Mike Nichols
477,Dwayne Johnson,F. Gary Gray
478,Ayelet Zurer,Steven Spielberg
479,Tom Selleck,Robert Luketic
480,Henry Cavill,Guy Ritchie
481,Bruce Willis,Antoine Fuqua
482,Bryce Dallas Howard,M. Night Shyamalan
483,Adam Sandler,James L. Brooks
484,Bruce Willis,Barry Levinson
485,Bai Ling,Andy Tennant
486,Jon Hamm,Zack Snyder
487,Jimmy Bennett,Florent-Emilio Siri
488,Harrison Ford,Ron Shelton
489,Matt Damon,Don Bluth
490,Dennis Quaid,John Moore
491,Connie Nielsen,Paul W.S. Anderson
492,Brendan Fraser,Henry Selick
493,Steve Carell,Kyle Balda
494,Tim Conway,Paul Tibbitt
495,Robin Wright,M. Night Shyamalan
496,Will Ferrell,Adam McKay
497,Peter Dinklage,Clay Kaytis
498,Nicolas Cage,Brian De Palma
499,Peter Coyote,Barry Levinson
500,Albert Brooks,David Silverman
501,Matthew McConaughey,Andy Tennant
502,Adam Sandler,Judd Apatow
503,Jennifer Garner,Peter Berg
504,Mhairi Calvey,Mel Gibson
505,Jake Gyllenhaal,Sam Mendes
506,Sylvester Stallone,Renny Harlin
507,Martin Landau,Frank Darabont
508,David Gant,Jean-Jacques Annaud
509,Bryce Dallas Howard,M. Night Shyamalan
510,Rory Culkin,M. Night Shyamalan
511,Rupert Everett,Andrew Adamson
512,Amy Poehler,Betty Thomas
513,Julia Roberts,Garry Marshall
514,Vin Diesel,Rob Cohen
515,Lili Taylor,Ron Howard
516,Robin Williams,Steven Spielberg
517,Bruce Willis,Renny Harlin
518,Jeremy Renner,Clark Johnson
519,Nicole Beharie,
520,Tom Cruise,Cameron Crowe
521,Gerard Butler,Antoine Fuqua
522,Noel Fisher,Jonathan Liebesman
523,Sanaa Lathan,Paul W.S. Anderson
524,Jeremy Irvine,Steven Spielberg
525,Jon Hamm,Randall Wallace
526,Bill Murray,George Clooney
527,LeVar Burton,Jonathan Frakes
528,Steve Buscemi,Tim Burton
529,David Hyde Pierce,Mike Nichols
530,Theo James,Måns Mårlind
531,Dominic Cooper,Gary Shore
532,Michael Biehn,James Cameron
533,Frank Langella,Oliver Stone
534,Channing Tatum,Ron Howard
535,Denzel Washington,Edward Zwick
536,Henry Cavill,Matthew Vaughn
537,James Martin Kelly,Adam Shankman
538,Brad Pitt,Jean-Jacques Annaud
539,Angelina Jolie Pitt,Kerry Conran
540,Anthony Hopkins,Joel Schumacher
541,Dwayne Johnson,Andrzej Bartkowiak
542,Michael Raymond-James,Craig Gillespie
543,Sylvester Stallone,Mikael Håfström
544,Jason Statham,Gary McKendry
545,Morgan Freeman,Mikael Salomon
546,Bruce Willis,Gregory Hoblit
547,LL Cool J,John McTiernan
548,Roxanne McKee,Renny Harlin
549,Talisa Soto,Wych Kaosayananda
550,Ron Howard,Bobby Farrelly
551,Lea Michele,Will Finn
552,Chris Hemsworth,Michael Mann
553,Charlotte Rampling,Michael Caton-Jones
554,Steve Carell,Pierre Coffin
555,Steve Carell,Jay Roach
556,Robert Pattinson,David Slade
557,Morgan Freeman,Phil Alden Robinson
558,Liam Neeson,Seth MacFarlane
559,Jenna Fischer,Bobby Farrelly
560,Vincent Pastore,Joseph Ruben
561,Morgan Freeman,Lawrence Kasdan
562,Janeane Garofalo,Kinka Usher
563,Al Pacino,Michael Mann
564,Leonardo DiCaprio,Ridley Scott
565,Rufus Sewell,Timur Bekmambetov
566,Hector Elizondo,
567,Colin Firth,Doug Lefler
568,Will Patton,Jon Amiel
569,Rami Malek,Scott Waugh
570,Tom Hanks,Steven Spielberg
571,Judy Greer,Nancy Meyers
572,Joseph Gordon-Levitt,Steven Spielberg
573,Goran Visnjic,Chris Wedge
574,Tom Hanks,Ron Howard
575,Keanu Reeves,Lana Wachowski
576,Hugh Jackman,Tom Hooper
577,Judge Reinhold,Michael Lembeck
578,Tom Hanks,Nora Ephron
579,Finn Wittrock,Angelina Jolie Pitt
580,Finn Wittrock,Angelina Jolie Pitt
581,Robert Downey Jr.,Todd Phillips
582,Will Ferrell,Adam McKay
583,Anthony Hopkins,Martin Campbell
584,Clint Eastwood,Clint Eastwood
585,Quvenzhané Wallis,Will Gluck
586,Sylvester Stallone,Renny Harlin
587,Delroy Lindo,John Woo
588,Nicolas Cage,Oliver Stone
589,Bruce Willis,Jon Turteltaub
590,Julia Roberts,Mike Newell
591,Sayed Badreya,Larry Charles
592,Tom Cruise,Stanley Kubrick
593,Tom Hardy,McG
594,Will Smith,Glenn Ficarra
595,Ryan Reynolds,David S. Goyer
596,Lea Thompson,John Milius
597,Matthew McConaughey,McG
598,Michael Kelly,Baltasar Kormákur
599,Milla Jovovich,Paul W.S. Anderson
600,Maura Tierney,Mike Nichols
601,Brad Pitt,David Fincher
602,Jason Statham,Paul W.S. Anderson
603,Melina Kanakaredes,Renny Harlin
604,Pamela Reed,Taylor Hackford
605,Jennifer Garner,Rob Bowman
606,Nicolas Cage,David Bowers
607,Bruce Willis,Michael Lehmann
608,Joseph Gordon-Levitt,Frank Miller
609,Michael Rapaport,Nora Ephron
610,Ian McNeice,Roman Polanski
611,Chazz Palminteri,Keenen Ivory Wayans
612,Harrison Ford,Sydney Pollack
613,Michael Smiley,Tom Tykwer
614,Wayne Knight,Steven Spielberg
615,Verne Troyer,Jay Roach
616,Gary Cole,Tim Hill
617,Dennis Quaid,Lawrence Kasdan
618,Harrison Ford,Phillip Noyce
619,Matthew McConaughey,Jonathan Mostow
620,Shawna Waldron,Rob Reiner
621,Craig Stark,Quentin Tarantino
622,Justin Timberlake,Marco Schnabel
623,Jon Lovitz,Demian Lichtenstein
624,Patrick Fugit,David Fincher
625,Will Ferrell,Josh Gordon
626,Ki Hong Lee,Wes Ball
627,Denzel Washington,Baltasar Kormákur
628,Robert De Niro,Jay Roach
629,Morgan Freeman,Phil Lord
630,Gerard Butler,Zack Snyder
631,Jill Hennessy,Walt Becker
632,Eric Dane,David Frankel
633,Tom Hanks,Frank Darabont
634,Catherine O'Hara,Mark Dindal
635,Natascha McElhone,Peter Weir
636,Matt Damon,Doug Liman
637,Jon Favreau,Peter Billingsley
638,Izabella Scorupco,Martin Campbell
639,Jason Statham,F. Gary Gray
640,Anjelica Huston,Steve Carr
641,Daniel von Bargen,Simon West
642,Martin Short,Brenda Chapman
643,Tom Cruise,Michael Mann
644,Carol Ann Susi,Lawrence Guterman
645,Dorian Missick,Marc Lawrence
646,Sylvester Stallone,Eric Darnell
647,Dwayne Johnson,Chuck Russell
648,Snoop Dogg,Todd Phillips
649,Tom Cruise,Tony Scott
650,Taylor Lautner,Adam Shankman
651,James Franco,Ryan Murphy
652,Denzel Washington,Tony Scott
653,Al Pacino,Oliver Stone
654,Scarlett Johansson,Robert Redford
655,Jennifer Saunders,Henry Selick
656,Billy Burke,Jay Russell
657,LL Cool J,Renny Harlin
658,Estella Warren,David McNally
659,Zooey Deschanel,M. Night Shyamalan
660,Gerard Butler,Babak Najafi
661,Bianca Kajlich,
662,Robert Downey Jr.,Brian Robbins
663,Jim Belushi,Brian Levant
664,Robert Duvall,Steven Zaillian
665,Jennifer Lawrence,David O. Russell
666,J.K. Simmons,Michael Caton-Jones
667,Ivana Milicevic,John Woo
668,Joe Mantegna,Jon Avnet
669,Emma Watson,Sam Fell
670,Romany Malco,Kevin Donovan
671,Colm Feore,Kenneth Branagh
672,Peter Greene,Geoff Murphy
673,Eileen Brennan,John Pasquin
674,Gary Dourdan,Jean-Pierre Jeunet
675,Tate Donovan,Antoine Fuqua
676,Goran Visnjic,Griffin Dunne
677,Ryan Gosling,Ruben Fleischer
678,Olivia Wilde,Harold Ramis
679,Bojana Novakovic,Martin Campbell
680,Tom Hardy,Stuart Baird
681,Christian Bale,Rob Bowman
682,Dwayne Johnson,Jorge Blanco
683,Julia Roberts,Tony Gilroy
684,Robert De Niro,Jon Avnet
685,Matt Damon,Clint Eastwood
686,Robin Wright,Kevin Macdonald
687,Steven Anthony Lawrence,Donald Petrie
688,Blair Brown,Clark Johnson
689,Clint Eastwood,Robert Lorenz
690,Cedric the Entertainer,Joel Coen
691,John Kapelos,Peter Hyams
692,Bruce Willis,Harold Becker
693,Bruce Willis,Harold Becker
694,Philip Seymour Hoffman,Cameron Crowe
695,Robert De Niro,Harold Ramis
696,Robert Downey Jr.,Joe Wright
697,Aidan Turner,Harald Zwart
698,Matt Damon,Robert Redford
699,Joe Morton,Tom Shadyac
700,Josh Wingate,Scott Stewart
701,Sunny Mabrey,Lee Tamahori
702,Sean Pertwee,Paul W.S. Anderson
703,Brad Pitt,Patrick Gilmore
704,Dougray Scott,Walter Salles
705,Scarlett Johansson,Brian De Palma
706,Matthew McConaughey,Ron Howard
707,Scarlett Johansson,Frank Miller
708,Clifton Collins Jr.,Rod Lurie
709,Brendan Fraser,Iain Softley
710,Robert Forster,Walter Hill
711,James Franco,Tony Bill
712,Matt Bomer,Akiva Goldsman
713,Kelly Preston,Stephen Herek
714,Marc Blucas,Brian Robbins
715,James Franco,John Dahl
716,Johnny Depp,David Koepp
717,Jason Statham,Uwe Boll
718,Angelina Jolie Pitt,Martin Campbell
719,Li Gong,Pou-Soi Cheang
721,Ryan Reynolds,Tim Miller
722,Bradley Cooper,Clint Eastwood
723,Odeya Rush,Rob Letterman
724,Odeya Rush,Rob Letterman
725,David Oyelowo,Anthony Hemingway
726,Jon Heder,Mark Waters
727,Josh Gad,Shawn Levy
728,Taylor Negron,Brian Levant
729,Robert Baker,George Clooney
730,Michael Kelly,Marc Lawrence
731,Milla Jovovich,Paul W.S. Anderson
732,Adam Sandler,Sean Anders
733,Keanu Reeves,Taylor Hackford
734,Nicolas Cage,Mark Neveldine
735,Dennis Quaid,Rob Cohen
736,Salma Hayek,Brett Ratner
737,Christian Bale,John Madden
738,Barry Corbin,
739,Vin Diesel,Adam Shankman
740,Tom Hanks,Robert Zemeckis
741,Jesse McCartney,Tim Hill
742,Will Smith,Andy Tennant
743,Will Smith,Gabriele Muccino
744,Christian Bale,Mike Gabriel
745,Marlon Brando,Richard Donner
746,Jada Pinkett Smith,Tom Shadyac
747,Tom Hanks,Paul Greengrass
748,Brendan Fraser,Sam Weisman
749,Alyson Hannigan,Jesse Dylan
750,Denzel Washington,Antoine Fuqua
751,Eric Idle,Brad Silberling
752,Mila Kunis,Shawn Levy
753,Bob Hoskins,Wayne Wang
754,Denzel Washington,Tony Scott
755,Erika Christensen,Robert Schwentke
756,Demi Moore,Barry Levinson
757,Nicolas Cage,Brad Silberling
758,Julie Walters,Paul King
759,David Carradine,Quentin Tarantino
760,Madeline Carroll,Mark Waters
761,Robert Downey Jr.,Frank Oz
762,Vivica A. Fox,Quentin Tarantino
763,Sylvester Stallone,Andrey Konchalovskiy
764,Bruce Willis,Robert Zemeckis
765,Xander Berkeley,Tom Dey
766,Oliver Platt,Stuart Baird
767,Amy Poehler,Jimmy Hayward
768,Charles S. Dutton,David Fincher
769,Jet Li,Rob Minkoff
770,Gerard Butler,Joel Schumacher
771,Ty Burrell,James Bobin
772,Andrea Corr,Alan Parker
773,Robert De Niro,John Frankenheimer
774,Eric Dane,Steve Antin
775,Tom Wilkinson,Stephen Hopkins
776,Angelina Jolie Pitt,Clint Eastwood
777,Will Forte,Akiva Schaffer
778,Will Forte,Akiva Schaffer
779,Connie Nielsen,William Friedkin
780,Anthony Hopkins,Jon Turteltaub
781,Matt Damon,Bobby Farrelly
782,Will Ferrell,Kent Alterman
783,Charlize Theron,Karyn Kusama
784,Keanu Reeves,Andrew Davis
785,Robert De Niro,Tony Scott
786,Eddie Redmayne,Shekhar Kapur
787,Stephen Root,Karey Kirkpatrick
788,Billy Campbell,Ron Maxwell
789,Hector Elizondo,Robert Butler
790,Sylvester Stallone,Walter Hill
791,Kate Winslet,Steven Zaillian
792,Sophia Myles,Jonathan Frakes
793,Denis Lavant,Jean-Pierre Jeunet
794,Sylvester Stallone,Jim Gillespie
795,Margot Kidder,Richard Lester
796,Todd Stashwick,Anthony Russo
797,Will Smith,Gabriele Muccino
798,Al Pacino,Francis Ford Coppola
799,Orlando Bloom,Cameron Crowe
800,Todd Giebenhain,Martin Brest
801,Christian Bale,John Singleton
802,Alice Greczyn,Jay Chandrasekhar
803,Gerard Butler,F. Gary Gray
804,Kirsten Dunst,Don Bluth
805,Jim Broadbent,Baz Luhrmann
806,Steve Buscemi,Harold Becker
807,Paul Walker,Clint Eastwood
808,Quentin Tarantino,Robert Rodriguez
809,Oprah Winfrey,Jonathan Demme
810,Jennifer Ehle,Kathryn Bigelow
811,Leonardo DiCaprio,Steven Spielberg
812,Colin Firth,Phyllida Lloyd
813,Jon Favreau,Peyton Reed
814,Bradley Cooper,Garry Marshall
815,Robert De Niro,Martin Scorsese
816,Ryan Reynolds,David Dobkin
817,Nick Stahl,Terrence Malick
818,Kasia Smutniak,Pierre Morel
819,Jaime King,Paul Hunter
820,Robert Forster,Bobby Farrelly
821,Matthew Broderick,John Whitesell
822,Matt Damon,George Nolfi
823,Robert Pattinson,Chris Weitz
824,Kathleen Freeman,Andrew Adamson
825,Mila Kunis,Seth MacFarlane
826,Channing Tatum,Phil Lord
827,Alan Rickman,Kevin Reynolds
828,Tom Cruise,Cameron Crowe
829,Will Ferrell,Sean Anders
830,Lupe Ontiveros,James L. Brooks
831,Robin Williams,Tom Shadyac
832,Johnny Depp,Rob Marshall
833,Harrison Ford,Adam McKay
834,Joel Courtney,J.J. Abrams
835,Steve Buscemi,Steven Brill
836,Dwayne Johnson,Rawson Marshall Thurber
837,Julia Roberts,Steven Soderbergh
838,Matthew McConaughey,Donald Petrie
839,Brad Pitt,Neil Jordan
840,Bradley Cooper,Peyton Reed
841,Liam Neeson,Jaume Collet-Serra
842,Julia Roberts,Chris Columbus
843,Bradley Cooper,Tom Dey
844,Denzel Washington,Spike Lee
845,Ryan Gosling,Glenn Ficarra
846,Bill Duke,Brian Helgeland
847,Nicolas Cage,Alex Proyas
848,Naomi Watts,Hideo Nakata
849,Scarlett Johansson,Cameron Crowe
850,Philip Seymour Hoffman,Bennett Miller
851,Bill Murray,Peter Hewitt
852,Jamie Lee Curtis,Joe Roth
853,Natalie Portman,James McTeigue
854,Kevin Spacey,Wolfgang Petersen
855,Dwayne Johnson,Andy Fickman
856,Scoot McNairy,Angela Robinson
857,Fann Wong,David Dobkin
858,Will Ferrell,Matthew O'Callaghan
859,Alyson Hannigan,Jon Hurwitz
860,Jeremy Renner,Tommy Wirkola
861,Alex Pettyfer,D.J. Caruso
862,Oliver Platt,Gary Fleder
863,Olivier Martinez,Adrian Lyne
864,Milla Jovovich,Alexander Witt
865,Channing Tatum,Jorge R. Gutiérrez
866,Clint Eastwood,Clint Eastwood
867,Jimmy Bennett,Richard Loncraine
868,Deborah Kara Unger,David Fincher
869,Viggo Mortensen,Ridley Scott
870,Matt Walsh,Steven Quale
871,Robert Downey Jr.,David Dobkin
872,Radha Mitchell,Christophe Gans
873,Keanu Reeves,Howard Deutch
874,Kevin Spacey,F. Gary Gray
875,Louis Lombardi,John Landis
876,Christopher Lee,Joe Dante
877,Armin Mueller-Stahl,Mimi Leder
878,Denzel Washington,Carl Franklin
879,Colin Firth,Beeban Kidron
880,Leonardo DiCaprio,Danny Boyle
881,Taylor Lautner,Robert Rodriguez
882,Mike Starr,Steven Seagal
883,Shô Kosugi,James McTeigue
884,Amber Valletta,Garry Marshall
885,J.K. Simmons,Sam Raimi
886,Emma Stone,Tom Dey
887,Demi Moore,Andrew Bergman
888,Matt Damon,Clint Eastwood
889,Ryan Gosling,Barbet Schroeder
890,Ryan Gosling,Barbet Schroeder
891,Muse Watson,Richard Donner
892,Milla Jovovich,Ben Stiller
893,Li Gong,Peter Webber
894,Bruce Willis,Rob Reiner
895,J.D. Evermore,Andrew Niccol
896,Doona Bae,Joon-ho Bong
897,Connie Nielsen,John McTiernan
898,Liam Neeson,Jaume Collet-Serra
899,Clint Eastwood,Clint Eastwood
900,Naomi Watts,Tom Tykwer
901,Steve Buscemi,John Carpenter
902,Bill Murray,Wes Anderson
903,Natalie Portman,David Gordon Green
904,Naomi Watts,Jim Sheridan
905,Matthew McConaughey,Gary Ross
906,Gerard Butler,Mark Neveldine
907,Kevin Spacey,Alan Parker
908,Alden Ehrenreich,Richard LaGravenese
909,Paul Walker,John Stockwell
910,Viggo Mortensen,David Cronenberg
911,Joe Mantegna,Patrick Read Johnson
912,Paul Brooke,Luc Besson
913,Naomi Watts,Doug Liman
914,Nicolas Cage,Patrick Lussier
915,Mia Kirshner,Costa-Gavras
916,Gary Oldman,Roland Joffé
917,Ian Ziering,Tony Scott
918,Michael Biehn,William Friedkin
919,Chris Klein,Andrzej Bartkowiak
920,Robin Williams,Danny DeVito
921,Morgan Freeman,George Armitage
922,Judy Greer,Mike Nichols
923,Tom Hardy,Daniel Espinosa
924,Jason Statham,James Wong
925,Hugh Jackman,Neill Blomkamp
926,Lauren Holly,Renny Harlin
927,Kelly Macdonald,Joe Wright
928,Harrison Ford,Steven Spielberg
929,Michael O'Neill,Steven Soderbergh
930,Kristen Stewart,David Fincher
931,Liam Neeson,Olivier Megaton
932,Mark Margolis,John McTiernan
933,Denzel Washington,Phillip Noyce
934,Judy Greer,David O. Russell
935,P.J. Soles,Chuck Bowman
936,Corinna Harney,Jerry Zucker
937,Christian Bale,James Mangold
938,Kevin Spacey,Iain Softley
939,Hugh Jackman,James Mangold
940,Brendan Fraser,Harold Ramis
941,Don Cheadle,Steven Soderbergh
942,Nicolas Cage,Francis Ford Coppola
943,Joseph Gilgun,Brad Furman
944,Charlie Korsmo,Warren Beatty
945,Matthew Broderick,Ben Stiller
946,Nandita Das,Deepa Mehta
947,Rosie Perez,Penny Marshall
948,Sarah Michelle Gellar,Paul Bolger
949,Donatas Banionis,Andrei Tarkovsky
950,Michael Fassbender,Jimmy Hayward
951,Julia Roberts,Stephen Frears
952,Julia Roberts,P.J. Hogan
953,Julia Roberts,Joe Roth
954,LeVar Burton,Jonathan Frakes
955,Al Pacino,Christopher Nolan
956,Denzel Washington,Edward Zwick
957,Laurence Olivier,Terence Young
958,Maura Tierney,Tom Shadyac
959,Kevin Spacey,John Lasseter
960,Liam Neeson,Olivier Megaton
961,Jonathan Winters,Brian Levant
962,Regina Hall,David Zucker
963,Candice Bergen,Donald Petrie
964,Josh Hutcherson,Eric Brevig
965,Denzel Washington,Alan J. Pakula
966,Anne Hathaway,Garry Marshall
967,Morgan Freeman,Rob Reiner
968,Bradley Whitford,Joel Schumacher
969,Bill Cobbs,James Bobin
970,Harrison Ford,Phillip Noyce
971,Adam Scott,Robert Luketic
972,Denzel Washington,Antoine Fuqua
973,Alan Rickman,Dean Parisot
974,Natasha Lyonne,Keenen Ivory Wayans
975,Channing Tatum,Thomas Carter
976,Gerard Butler,Andy Tennant
977,Sydney Pollack,Roger Michell
978,Frank Welker,Luis Llosa
979,Sophia Myles,Len Wiseman
980,Adam Garcia,David McNally
981,Colin Firth,Richard Curtis
982,Sylvester Stallone,Luis Llosa
983,Don Johnson,Ron Shelton
984,Lucille Ball,Melville Shavelson
985,Josh Hutcherson,Jesse Dylan
986,Zooey Deschanel,Garth Jennings
987,Milla Jovovich,Russell Mulcahy
988,Dania Ramirez,Joel Zwick
989,Demián Bichir,Oliver Stone
990,Meryl Streep,Curtis Hanson
991,Bella Thorne,Frank Coraci
992,LL Cool J,Wayne Wang
993,Bruce Willis,Richard Donner
994,Steve Coogan,Frank Oz
995,Richard Burgi,David R. Ellis
996,Nicolas Cage,John A. Davis
997,Kevin McNally,Peter Howitt
998,Virginia Madsen,David Lynch
999,Malese Jow,John Schultz
1000,Jim Sturgess,Julie Taymor
1001,Jim Sturgess,Julie Taymor
1002,Leonardo DiCaprio,Sam Mendes
1003,Vin Diesel,Mathieu Kassovitz
1004,Alexa PenaVega,John Gray
1005,John de Lancie,Harold Ramis
1006,Costas Mandylor,Sean Penn
1007,Jim Belushi,Roman Polanski
1008,Matt Damon,Billy Bob Thornton
1009,Nicolas Cage,Danny Pang
1010,Anthony Hopkins,Oliver Stone
1011,Wood Harris,Pete Travis
1012,Wood Harris,Pete Travis
1013,Djimon Hounsou,Stephen Sommers
1014,Daniel Kaluuya,Oliver Parker
1015,Joseph Gordon-Levitt,Spike Lee
1016,Zooey Deschanel,Barry Sonnenfeld
1017,Marcela Mar,Mike Newell
1018,Mel Blanc,Norman Ferguson
1019,Sam Waterston,George P. Cosmatos
1020,Jerry Stiller,Lawrence Kasanoff
1021,Clea DuVall,Ben Affleck
1022,Harrison Ford,Andrew Davis
1023,Sylvester Stallone,George P. Cosmatos
1024,Robert De Niro,Barry Levinson
1025,Augustus Prew,Burr Steers
1026,Joseph Gordon-Levitt,Brian Gibson
1027,James Franco,Evan Goldberg
1028,Jeff Bridges,Michael Cimino
1029,Michael Rapaport,Paul Feig
1030,F. Murray Abraham,Gus Van Sant
1031,Steve Buscemi,Betty Thomas
1032,Judith Chapman,Roger Kumble
1033,Jason Statham,Simon West
1034,Tom Cruise,Sydney Pollack
1035,Channing Tatum,Phil Lord
1036,Julia Roberts,Roger Michell
1037,Imelda Staunton,Peter Lord
1038,Philip Seymour Hoffman,John Hamburg
1039,John Witherspoon,Reginald Hudlin
1040,Bono,Larry Charles
1041,Martin Landau,Joseph L. Mankiewicz
1042,Salma Hayek,Frank Coraci
1043,Morgan Freeman,Carl Franklin
1044,Jeff Bridges,Barbra Streisand
1045,Gary Oldman,Catherine Hardwicke
1046,Debra Messing,Mark Pellington
1047,Robert Davi,John Glen
1048,Robert De Niro,John Herzfeld
1049,Nicolas Cage,Andrew Niccol
1050,Bob Hoskins,Annabel Jankel
1051,Robert Clohessy,Asger Leth
1052,Tony Cox,Sngmoo Lee
1053,Tim Conway,
1054,Omar Sy,Jean-Pierre Jeunet
1055,Mekhi Phifer,Curtis Hanson
1056,Heath Ledger,Brian Helgeland
1057,Julian Sands,Gordon Chan
1058,Joel McHale,David Frankel
1059,Bruce Willis,M. Night Shyamalan
1060,Jennifer Ehle,Sam Taylor-Johnson
1061,Ryan Reynolds,Anne Fletcher
1062,Jennifer Lawrence,David O. Russell
1063,Tom Welling,Shawn Levy
1064,Scarlett Johansson,Luc Besson
1065,Jerry Ferrara,Peter Berg
1066,Lea Thompson,Robert Zemeckis
1067,Bruce Greenwood,Bruce Beresford
1068,Sylvester Stallone,Robert Rodriguez
1069,Kevin Spacey,Joel Schumacher
1070,Tom Hanks,Penny Marshall
1071,Harrison Ford,Brian Helgeland
1072,Meryl Streep,Nora Ephron
1073,Carmen Perez,Ken Kwapis
1074,Olivia Munn,Tim Story
1075,Beau Mirchoff,David Zucker
1076,Will Ferrell,Etan Cohen
1077,Kelly Rutherford,Wes Craven
1078,Lea Thompson,Robert Zemeckis
1079,Bill Murray,Bobby Farrelly
1080,Don Johnson,Nick Cassavetes
1081,Keanu Reeves,Francis Ford Coppola
1082,Paul Walker,Frank Marshall
1083,Philip Seymour Hoffman,Anthony Minghella
1084,Robert De Niro,Nancy Meyers
1085,Wes Studi,Michael Mann
1086,Bokeem Woodbine,Taylor Hackford
1087,Tom Hanks,Steven Spielberg
1088,Dennis Quaid,Pete Travis
1089,J.K. Simmons,John Hamburg
1090,Jason Alexander,Bobby Farrelly
1091,Sally Kirkland,Oliver Stone
1092,Chloë Grace Moretz,John Whitesell
1093,J.K. Simmons,Gore Verbinski
1094,Krista Allen,David R. Ellis
1095,Matthew Perry,Burr Steers
1096,Pink,Nicholas Stoller
1097,Robert Downey Jr.,Mathieu Kassovitz
1098,Joaquim de Almeida,John Moore
1099,Matthew McConaughey,Brad Furman
1100,Lisa Ann Walter,Peter Chelsom
1101,Brendan Fraser,Cal Brunker
1102,Kirsten Dunst,Joe Dante
1103,Michael Jai White,Mark A.Z. Dippé
1104,Kevin Spacey,Sean Anders
1105,Henry Cavill,Kevin Reynolds
1106,Christian Bale,Christopher Nolan
1107,Keanu Reeves,Alejandro Agresti
1108,Topher Grace,Nimród Antal
1109,Jennifer Garner,Peter Hedges
1110,Joe Don Baker,John Glen
1111,Rudy Youngblood,Mel Gibson
1112,Brad Garrett,Marc Lawrence
1113,Brian Dennehy,Ivan Reitman
1114,Johnny Depp,David Koepp
1115,Gena Rowlands,Iain Softley
1116,Johnny Cannizzaro,Clint Eastwood
1117,Busy Philipps,Paul Weiland
1118,Matt Damon,Francis Ford Coppola
1119,Lorraine Bracco,John McTiernan
1120,Anthony Hopkins,Steven Spielberg
1121,Liam Neeson,Seth MacFarlane
1122,Emma Bell,Steven Quale
1123,Jimmy Fallon,Bobby Farrelly
1124,Sam Trammell,Colin Strause
1125,James Wilcox,Jake Kasdan
1126,Alison Brie,Wes Craven
1127,Macaulay Culkin,Donald Petrie
1128,J.K. Simmons,Joan Chen
1129,Bobby Lee,Greg Mottola
1130,Miriam Margolyes,Anne Fletcher
1131,Jordi Mollà,Olivier Megaton
1132,Nicolas Cage,Joel Schumacher
1133,Adam Arkin,Diane Keaton
1134,Michael Wincott,Oliver Stone
1135,Jeanne Tripplehorn,Kelly Makin
1136,Kevin Spacey,Mimi Leder
1137,Lisa Ann Walter,Steven Brill
1138,Tom Hanks,Stephen Daldry
1139,Jonathan Winters,Russell Mulcahy
1140,Noah Bean,Roger Michell
1141,50 Cent,Jim Sheridan
1142,Michael Biehn,Christian Duguay
1143,Robert De Niro,Peter Segal
1144,Rufus Sewell,Chuck Russell
1145,Rosario Dawson,Chris Columbus
1146,Oliver Hudson,Sam Weisman
1147,Marlon Brando,John Frankenheimer
1148,Catherine Deneuve,Peter Hyams
1149,Natalie Portman,Justin Chadwick
1150,Keanu Reeves,Pat O'Connor
1151,Ed Begley Jr.,Penny Marshall
1152,Rae Dawn Chong,Jean-Jacques Annaud
1153,Robert De Niro,Michael Caton-Jones
1154,Mira Sorvino,Irwin Winkler
1155,Dane Cook,Joseph Kahn
1156,Bill Murray,Wes Anderson
1157,Bobbie Phillips,Paul Verhoeven
1158,Al Pacino,Harold Becker
1159,Ted Danson,Ken Kwapis
1160,Naomi Watts,J.A. Bayona
1161,John Gatins,Brian Robbins
1162,Kirsten Dunst,Sofia Coppola
1163,Sylvester Stallone,Stephen Kay
1164,Nicolas Cage,Barbet Schroeder
1165,Angelina Jolie Pitt,Stephen Herek
1166,Carol Kane,Elaine May
1167,Richard Epcar,John Carpenter
1168,Josh Hutcherson,Paul Weitz
1169,Mary-Kate Olsen,Dennie Gordon
1170,Alexa PenaVega,Ulu Grosbard
1171,Omar Epps,Charles Shyer
1172,Natascha McElhone,William Malone
1173,Bernie Mac,Malcolm D. Lee
1174,Ray Winstone,Pierre Morel
1175,Michael Jai White,Mic Rodgers
1176,Norman Reedus,Christian Alvart
1177,Justin Theroux,Danny DeVito
1178,M. Emmet Walsh,Jerry Jameson
1179,Tamannaah Bhatia,S.S. Rajamouli
1180,Gary Dourdan,Gary Fleder
1181,Daniel Radcliffe,Paul McGuigan
1182,Daniel Radcliffe,Paul McGuigan
1183,Daniel Radcliffe,Paul McGuigan
1184,Rufus Sewell,Christian Duguay
1185,Bridgette Wilson-Sampras,Jean-Marie Poiré
1186,Chris Evans,Joon-ho Bong
1187,Chris Evans,Danny Boyle
1188,Jennifer Jason Leigh,Joel Coen
1189,Eric Idle,Marc F. Adler
1190,James Brolin,Richard Shepard
1191,Alex Pettyfer,Geoffrey Sax
1192,Takeshi Kaneshiro,John Woo
1193,Matthew Broderick,Jeff Nathanson
1194,Jet Li,Peter Ho-Sun Chan
1195,Adam Goldberg,Bibo Bergeron
1196,Blythe Auffarth,Yuefeng Song
1198,Arliss Howard,Robert Schwentke
1199,Margot Kidder,Richard Lester
1200,Colin Ferguson,Michael Lehmann
1201,Martin Landau,Tim Burton
1202,Austin Pendleton,Jonathan Lynn
1203,Adam Baldwin,Joss Whedon
1204,Omar Epps,Charles S. Dutton
1205,Ethan Embry,Andy Tennant
1206,Gerard Butler,Robert Luketic
1207,Steve Buscemi,Robert Rodriguez
1208,LeVar Burton,David Carson
1209,D.B. Woodside,Andy Fickman
1210,Thomas Bo Larsen,Thomas Vinterberg
1211,Robert Pattinson,Francis Lawrence
1212,Denzel Washington,Norman Jewison
1213,Vin Diesel,David Twohy
1214,Sarah Silverman,David Mirkin
1215,Bill Cobbs,Michael Apted
1216,Chloë Grace Moretz,J Blakeson
1217,Chris Hemsworth,Ron Howard
1218,Sonia Braga,Luis Mandoki
1219,Jim Belushi,John Pasquin
1220,Johnny Depp,Roman Polanski
1221,J.K. Simmons,Michael Apted
1222,Beth Grant,Stephen Herek
1223,Wilford Brimley,John Carpenter
1224,Jeff Bridges,Ridley Scott
1225,Bill Murray,Gil Kenan
1226,Gregory Scott Cummins,Jeb Stuart
1227,Tom Skerritt,Steve Miner
1228,Hayden Christensen,David Leland
1229,Anna Kendrick,Kirk Jones
1230,Mike Howard,Paul Thomas Anderson
1231,Dennis Quaid,Gary Fleder
1232,Laura-Leigh,Rawson Marshall Thurber
1233,Sylvester Stallone,Ryan Coogler
1234,Jeremy Renner,Ben Affleck
1235,J.K. Simmons,Ethan Coen
1236,Gerard Butler,Jennifer Flackett
1237,Alison Brie,Christian Ditter
1238,Bruce Willis,Kevin Smith
1239,Anthony Hopkins,Mikael Håfström
1240,Cheryl Hines,Kirk De Micco
1241,Patton Oswalt,Paul Thomas Anderson
1242,Emma Stone,Cameron Crowe
1243,Emma Stone,Cameron Crowe
1244,Yuliya Snigir,Fedor Bondarchuk
1245,Denzel Washington,Nick Cassavetes
1246,Peter Greene,Les Mayfield
1247,Bernie Casey,Irvin Kershner
1248,Charlie McDermott,Steve Pink
1249,Kathleen Quinlan,Jonathan Mostow
1250,Morgan Freeman,Charles Martin Smith
1251,Vin Diesel,F. Gary Gray
1252,Charlize Theron,John Frankenheimer
1253,Rick Yune,Scott Hicks
1254,Alexa PenaVega,Rob Reiner
1255,Blair Underwood,Andrew Niccol
1256,Stockard Channing,Andrew Bergman
1257,Mike Tyson,Wilson Yip
1258,Jordi Mollà,Roland Joffé
1259,Bernie Mac,Chris Rock
1260,Catherine Dyer,John Lee Hancock
1261,Michael Gough,Tim Burton
1262,Muse Watson,Jay Roach
1263,Matt Damon,Ethan Coen
1264,Rene Russo,Richard Donner
1265,Jon Favreau,Seth Gordon
1266,Meryl Streep,David Frankel
1267,Kevin Spacey,Seth Gordon
1268,Alexa PenaVega,Robert Rodriguez
1269,Amy Schumer,Judd Apatow
1270,Tom Hanks,John Lee Hancock
1271,Leonard Nimoy,Robert Wise
1272,Kevin Spacey,Robert Luketic
1273,Treat Williams,Tom Vaughan
1274,Robert De Niro,Martin Scorsese
1275,Colin Firth,Anthony Minghella
1276,Bernie Mac,Kevin Rodney Sullivan
1277,Charlyne Yi,Judd Apatow
1278,Kevin Spacey,Curtis Hanson
1279,Michael Angarano,Mike Mitchell
1280,Tom Selleck,Frank Oz
1281,Dylan Baker,Tarsem Singh
1282,Natasha Henstridge,Roger Donaldson
1283,Jon Lovitz,Dennis Dugan
1284,Scott Glenn,Randall Wallace
1285,Leonardo DiCaprio,Randall Wallace
1286,Mila Kunis,Will Gluck
1287,Chloë Grace Moretz,Nicholas Stoller
1288,Chris Evans,Kevin Munroe
1289,Alfre Woodard,Michael Tollin
1290,Robin Williams,Walt Becker
1291,Denzel Washington,Spike Lee
1292,Craig Parker,Patrick Tatopoulos
1293,Stockard Channing,Gary David Goldberg
1294,Robin Williams,Ken Kwapis
1295,Johnny Depp,Mike Newell
1296,Mila Kunis,John Moore
1297,Milla Jovovich,Paul W.S. Anderson
1298,J.K. Simmons,Ethan Coen
1299,Ashley Williams,Luke Greenfield
1300,Keisha Castle-Hughes,Catherine Hardwicke
1301,Matt Bomer,Andrew Niccol
1302,Danneel Ackles,Alan Poul
1303,Leonardo DiCaprio,Clint Eastwood
1304,Jim Gaffigan,Anne Fletcher
1305,Will Smith,Peter Landesman
1306,Natalie Portman,Mike Nichols
1307,Ming-Na Wen,Steven E. de Souza
1308,Tom Wilkinson,Gil Junger
1309,Tatum O'Neal,Michael Ritchie
1310,Emilia Fox,Roman Polanski
1311,Johnny Depp,Albert Hughes
1312,Johnny Depp,Albert Hughes
1313,Jason Flemyng,Alexandre Aja
1314,Aaliyah,Michael Rymer
1315,Daniel Mays,Susanna White
1316,Billy Burke,Gregory Hoblit
1317,Adam Baldwin,Stephen Hopkins
1318,Ken Arnold,John Singleton
1319,Brian Blessed,Mike Hodges
1320,Drake Bell,Craig Mazin
1321,Brendan Fraser,Hugh Wilson
1322,Cicely Tyson,Rob Cohen
1323,Stephen Root,Kevin Smith
1324,Kevin Spacey,Clint Eastwood
1325,Frank Whaley,Danny DeVito
1326,Anne Hathaway,Tommy O'Haver
1327,Joseph Gordon-Levitt,David Koepp
1328,Alona Tal,Allen Hughes
1329,Jim Broadbent,Gary Chapman
1330,Robert Downey Jr.,Curtis Hanson
1331,Tim Meadows,Jake Kasdan
1332,Djimon Hounsou,Shekhar Kapur
1333,Brendan Fraser,Roger Kumble
1334,Alex Russell,Kimble Rendall
1335,Meryl Streep,Robert Redford
1336,Rosanna Arquette,John Milius
1337,Brad Pitt,Terrence Malick
1338,Gregory Smith,Les Mayfield
1339,Kevin Zegers,Peter Hewitt
1340,Kevin Spacey,Lasse Hallström
1341,Michiel Huisman,Jean-Marc Vallée
1342,Mireille Enos,David Ayer
1343,Mireille Enos,David Ayer
1344,Paul Sorvino,Hark Tsui
1345,Tom Skerritt,Dominic Sena
1346,Tom Wilkinson,Ken Scott
1347,Hugh Jackman,Darren Aronofsky
1348,Joseph Gordon-Levitt,Robert Zemeckis
1349,Terry Pheto,Justin Chadwick
1350,Julie Benz,Lexi Alexander
1351,Archie Panjabi,Ridley Scott
1352,Peter Coyote,Brian De Palma
1353,Marley Shelton,Ronny Yu
1354,Adam Baldwin,Richard Donner
1355,Jim Broadbent,Bille August
1356,Gerard Butler,Gabriele Muccino
1357,Oliver Reed,Moustapha Akkad
1358,Jeremy W. Auman,Ang Lee
1359,Nicolas Cage,Simon West
1360,Salma Hayek,Joachim Rønning
1361,Tamsin Egerton,Roland Joffé
1362,Tamsin Egerton,Roland Joffé
1364,Max Minghella,Chris Gorak
1365,Ki Hong Lee,Wes Ball
1366,Tiago Riani,George Tillman Jr.
1367,Richard E. Grant,Martin Scorsese
1368,David Paymer,Hugh Johnson
1369,Johnny Depp,Rand Ravich
1370,Johnny Depp,Rand Ravich
1371,Liam Aiken,Hugh Hudson
1372,Kyle Hebert,Jeremy Degruson
1373,Tom Cruise,Rob Reiner
1374,Nia Long,Raja Gosnell
1375,Michael Jai White,Andrzej Bartkowiak
1376,Ryan Guzman,Scott Speer
1377,Laura Harring,Jonathan Hensleigh
1378,Jason Statham,Boaz Yakin
1379,Ryan Kruger,Neil Marshall
1380,Angelina Jolie Pitt,Mike Newell
1381,Sean Pertwee,Danny Cannon
1382,Callum Rennie,Jean-Pierre Jeunet
1383,Harrison Ford,Richard Marquand
1384,Kate Winslet,Stephen Daldry
1385,Robin Williams,Justin Zackham
1386,Justin Theroux,David Wain
1387,Peter Dinklage,Jon Favreau
1388,Robert Duvall,Jon Turteltaub
1389,Channing Tatum,Evan Goldberg
1390,James Coburn,Brian Levant
1391,Ana de la Reguera,Jared Hess
1392,Bill Murray,Richard Donner
1393,Paul Walker,John Luessenhop
1394,Jake Gyllenhaal,Duncan Jones
1395,Nia Long,Rupert Wainwright
1396,Robert De Niro,George Tillman Jr.
1397,Brandon T. Jackson,John Whitesell
1398,Illeana Douglas,Frank Marshall
1399,Logan Lerman,Joel Schumacher
1400,Christopher Lee,Steven Spielberg
1401,Ken Howard,John Gatins
1402,Viggo Mortensen,David Cronenberg
1403,Steve Buscemi,Don Scardino
1404,Leonardo DiCaprio,Sam Raimi
1405,Frances Fisher,Peter Howitt
1406,Rob Riggle,Nanette Burstein
1407,Nicolas Cage,Martin Scorsese
1408,Alice Braga,Miguel Sapochnik
1409,Haley Joel Osment,Norman Jewison
1410,George Kennedy,Mark Dindal
1411,Bill Murray,Tim Robbins
1412,Tony Curran,Steven Soderbergh
1414,Harrison Ford,Francis Ford Coppola
1415,Gary Oldman,Ariel Vromen
1416,Denzel Washington,Robert Zemeckis
1417,Alicia Witt,Stephen Herek
1418,Meryl Streep,Sydney Pollack
1419,Desmond Llewelyn,Lewis Gilbert
1420,Bill Murray,Wes Anderson
1421,Chris Hemsworth,John Francis Daley
1422,Dennis Quaid,Gregory Hoblit
1423,Anthony Hopkins,Scott Hicks
1424,Harrison Ford,Tom Vaughan
1425,Tom Hanks,John Lasseter
1426,Colm Feore,Rob Marshall
1427,Steve Buscemi,Dennis Dugan
1428,Alyson Hannigan,J.B. Rogers
1429,Channing Tatum,Michael Sucsy
1430,Keanu Reeves,Jan de Bont
1431,Scott Glenn,John McTiernan
1432,Alex Pettyfer,Lee Daniels
1433,Ryan Gosling,Boaz Yakin
1434,Sharlto Copley,Neill Blomkamp
1435,Gary Cole,Rawson Marshall Thurber
1436,Gary Cole,Rawson Marshall Thurber
1437,Anjelica Huston,Barry Sonnenfeld
1438,Bruce Spence,Steve Oedekerk
1439,Anne Hathaway,Garry Marshall
1440,Robert De Niro,Harold Ramis
1441,Stockard Channing,Hugh Wilson
1442,Clint Eastwood,Clint Eastwood
1443,Morgan Freeman,David Fincher
1444,John Doman,Clint Eastwood
1445,Scarlett Johansson,Stephen Hillenburg
1446,J.K. Simmons,Jason Reitman
1447,Ryan Gosling,Nick Cassavetes
1448,Emily Osment,Peter Chelsom
1449,Judy Greer,Anne Fletcher
1450,Elizabeth Daily,Stig Bergqvist
1451,George Carlin,Barbra Streisand
1452,Josh Charles,John Singleton
1453,Anthony Hopkins,Edward Zwick
1454,Joseph Gordon-Levitt,Rian Johnson
1455,Cory Hardrict,Jonathan Levine
1456,Hope Davis,Alexander Payne
1457,Liam Neeson,Peter Lepeniotis
1458,Chazz Palminteri,Chris Weitz
1459,Miriam Margolyes,Chris Noonan
1460,Meryl Streep,David Frankel
1461,Mila Kunis,Nicholas Stoller
1462,Zach Gilford,
1463,Tina Fey,Michael McCullers
1464,Bill Cobbs,Forest Whitaker
1465,Anne Hathaway,Gary Winick
1466,Antony Starr,Steven Brill
1467,Jennifer Garner,Gary Winick
1468,Kurt Fuller,Woody Allen
1469,Mark Gatiss,Steve Box
1470,Gerard Butler,Richard LaGravenese
1471,Johnny Depp,Tim Burton
1472,Vanessa Redgrave,Gary Winick
1473,Johnny Depp,Ted Demme
1474,Robin Wright,Luis Mandoki
1475,Jake Gyllenhaal,Antoine Fuqua
1476,Leonard Nimoy,William Shatner
1477,Brenda Song,John Schultz
1478,George Kennedy,Peter Segal
1479,Benedict Cumberbatch,Joe Wright
1480,Patrick Macnee,John Glen
1481,Bruce Greenwood,Frederik Du Chau
1482,Edgar Arreola,Denis Villeneuve
1483,Stephen Root,Ridley Scott
1484,Kate Upton,Bobby Farrelly
1485,Mehcad Brooks,James Gartner
1486,Harrison Ford,Lee Toland Krieger
1487,Alyson Stoner,Jon M. Chu
1488,Bojana Novakovic,Sam Raimi
1489,Chris Hemsworth,Drew Goddard
1490,Haley Joel Osment,Tim McCanlies
1491,Will Ferrell,Marc Forster
1492,Faizon Love,John Stockwell
1493,Danny Huston,David Slade
1494,Bill Murray,Frank Oz
1495,Dwayne Johnson,Phil Joanou
1496,Robert De Niro,Martin Brest
1497,Carmen Electra,Jason Friedberg
1498,Yaphet Kotto,Paul Michael Glaser
1499,Brian Thompson,John R. Leonetti
1500,Tom Hanks,Tom Hanks
1501,Alfre Woodard,Liz Friedlander
1502,Jake Gyllenhaal,Edward Zwick
1503,Donny Boaz,Angelo Pizzo
1504,Bernie Mac,Sam Weisman
1505,Martin Landau,Shane Acker
1506,Olivia Munn,Scott Derrickson
1507,Tika Sumpter,Tate Taylor
1508,Alison Brie,Nicholas Stoller
1509,Devin Ratray,Martha Coolidge
1510,Craig Ferguson,Stephen J. Anderson
1511,Warren Beatty,Warren Beatty
1512,Elden Henson,Troy Miller
1513,Meryl Streep,Carl Franklin
1514,Ioan Gruffudd,Alister Grierson
1515,Rainn Wilson,Ivan Reitman
1516,Bernie Mac,Charles Stone III
1517,Olivia Wilde,Paul Haggis
1518,Holly Hunter,Nick Hurran
1519,Brian Dennehy,Jean-François Richet
1520,Justin Timberlake,Brad Furman
1521,Mira Sorvino,Antoine Fuqua
1522,Milla Jovovich,Kurt Wimmer
1523,Jeremy Renner,Niki Caro
1524,Scarlett Johansson,Ellory Elkayem
1525,Salma Hayek,Kevin Hooks
1526,Sarah Polley,Vincenzo Natali
1527,Al Pacino,Jon Avnet
1528,Bruce Willis,Howard Deutch
1529,Lea Thompson,Willard Huyck
1530,Jennifer Ehle,Gavin O'Connor
1531,Eddie Cibrian,Bruce Hunt
1532,Robert De Niro,Nick Hamm
1533,David Paymer,Rob Reiner
1534,Jessica Paré,Paul McGuigan
1535,Jessica Paré,Paul McGuigan
1536,Christian Bale,Terrence Malick
1537,Zach Gilford,Jee-woon Kim
1538,Robert Downey Jr.,Neil Jordan
1539,Saffron Burrows,Chris Roberts
1540,Tyler Labine,Peter Howitt
1541,Dominic Cooper,Niels Arden Oplev
1542,Amy Poehler,Mike Disa
1543,Ian Whyte,James Wong
1544,Morgan Freeman,Lasse Hallström
1545,Andrew Garfield,Terry Gilliam
1546,Mark Addy,Richard J. Lewis
1547,Robert De Niro,Sergio Leone
1548,Brad Pitt,Andrew Dominik
1549,Al Pacino,Michael Radford
1550,Emir Kusturica,Neil Jordan
1551,Channing Tatum,Steve Boyum
1552,Emily Watson,Chris Noonan
1553,Gerard Butler,Marc Forster
1554,Steve Howey,Corey Yuen
1555,Louise Bourgoin,Laurent Tirard
1556,Jason Statham,Simon West
1557,Fisher Stevens,Frédéric Auburtin
1558,Paz Vega,Olivier Dahan
1561,Anna Kendrick,Elizabeth Banks
1562,Sandra Ellis Lafferty,James Mangold
1563,Peter Dinklage,Ben Falcone
1564,Johnny Depp,Robert Rodriguez
1565,Lisa Edelstein,Edward Norton
1566,Jim Broadbent,Peter Hewitt
1567,Toby Jones,Ron Howard
1568,Jason Flemyng,Don Mancini
1569,Matthew Perry,Reginald Hudlin
1570,Dick Clark,George Clooney
1571,Imelda Staunton,Ang Lee
1572,Denzel Washington,Richard Attenborough
1573,Meryl Streep,Stephen Frears
1574,Zooey Deschanel,Lawrence Kasdan
1575,Jennifer Jason Leigh,John Maybury
1576,Robin Williams,Ron Clements
1577,Harrison Ford,Steven Spielberg
1578,Aldis Hodge,F. Gary Gray
1579,Elizabeth Daily,Igor Kovalyov
1580,Alan Rickman,John McTiernan
1581,Morgan Freeman,Lee Tamahori
1582,David Lyons,Lasse Hallström
1583,Ryan Gosling,Adam McKay
1584,Joe Lo Truglio,David Wain
1585,Bella Thorne,Miguel Arteta
1586,Eddie Cahill,Gavin O'Connor
1587,Robert De Niro,Jon Turteltaub
1588,Matthew McConaughey,Adam Shankman
1589,Julian Glover,John Glen
1590,Bill Murray,Wes Anderson
1591,Clea DuVall,James Mangold
1592,Lilli Lavine,Peter Chelsom
1593,Elizabeth McGovern,Matthew Vaughn
1594,Mia Sara,Peter Hyams
1595,Zoë Kravitz,Scott Hicks
1596,Vinessa Shaw,Kenny Ortega
1597,Talulah Riley,Joe Wright
1598,Bianca Kajlich,Ruben Fleischer
1599,Gerard Butler,Patrick Lussier
1600,Harrison Ford,Ridley Scott
1601,Liam Neeson,Michael Caton-Jones
1602,Connie Nielsen,McG
1603,Chloë Grace Moretz,Jeff Wadlow
1604,Robert Duvall,James Gray
1605,Liam Neeson,Scott Frank
1606,Madeline Carroll,Brian Levant
1607,Paul Walker,Camille Delamarre
1608,Samaire Armstrong,Donald Petrie
1609,Philip Baker Hall,Janusz Kaminski
1610,Jacques Perrin,Jacques Perrin
1611,Matt Smith,Burr Steers
1612,Scott Grimes,Jay Roach
1613,Jason Statham,John Carpenter
1614,Mara Wilson,Michael Ritchie
1615,Dominic Flores,David Gordon Green
1616,Tenzin Thuthob Tsarong,Martin Scorsese
1617,James Corden,Robert B. Weide
1618,Harold Ramis,Judd Apatow
1619,Louis Jourdan,John Glen
1620,Jason Patric,Nick Cassavetes
1621,Mo'Nique,Malcolm D. Lee
1622,Dolly Parton,Todd Graff
1623,Richard Wilson,David Lean
1624,Phil Davis,Richard Eyre
1625,J.K. Simmons,Gavin Hood
1626,Vanessa Redgrave,Roland Emmerich
1627,Leonard Nimoy,Nicholas Meyer
1628,Ellen Burstyn,Callie Khouri
1629,Morgan Freeman,Gary Fleder
1630,John Belushi,John Landis
1631,America Ferrera,Sanaa Hamri
1632,Julia Roberts,Jodie Foster
1633,Sharon Small,Chris Weitz
1634,Alexa PenaVega,Robert Rodriguez
1635,Oliver Platt,Steve Miner
1636,Bruce Willis,Paul McGuigan
1637,Bruce Willis,Paul McGuigan
1638,Dennis Quaid,Philip Kaufman
1639,Rufus Sewell,Alex Proyas
1640,Dominic Cooper,Saul Dibb
1641,Bradley Cooper,Christian Alvart
1642,Jackie Gleason,
1643,Piper Laurie,Walter Murch
1644,Matthew McConaughey,Richard Linklater
1645,Harry Lennix,E. Elias Merhige
1646,Oliver Platt,Menno Meyjes
1647,Meat Loaf,Ronny Yu
1648,LL Cool J,Renny Harlin
1649,Robert De Niro,Barry Levinson
1650,Charlotte Rampling,Norman Jewison
1652,Erick Avari,Steve Carr
1653,Jamie Lee Curtis,Mark Waters
1654,Steve Carell,Judd Apatow
1655,Tom Wilkinson,John Madden
1656,Richard Tyson,Ivan Reitman
1657,James Franco,David Gordon Green
1658,Denzel Washington,Jonathan Demme
1659,Anjelica Huston,Andy Tennant
1660,Julia Roberts,Joel Schumacher
1661,Robert Duvall,Kevin Costner
1662,Robert Pine,Wes Craven
1663,Robert De Niro,Garry Marshall
1664,Ryan O'Neal,Richard Attenborough
1665,Dwayne Johnson,Michael Bay
1666,Sarah Carter,David R. Ellis
1667,Holly Hunter,Joel Coen
1668,Scarlett Johansson,Paul Weitz
1669,Dennis Quaid,Scott Stewart
1670,Michael Biehn,Jonathan Frakes
1671,Scott Glenn,Lawrence Kasdan
1672,Luke Bracey,Michael Hoffman
1673,Daniel Roebuck,Kevin Allen
1674,Angelina Jolie Pitt,Michael Cristofer
1675,Pam Ferris,James McTeigue
1676,Rip Torn,Donald Petrie
1677,Ryan Reynolds,Tarsem Singh
1678,Woody Allen,Woody Allen
1679,Benedict Cumberbatch,Bill Condon
1680,Harold Perrineau,Bob Rafelson
1681,Jason Flemyng,Oleg Stepchenko
1682,Jake Gyllenhaal,David O. Russell
1684,Paul Hogan,Alan Shapiro
1685,Archie Panjabi,Fernando Meirelles
1686,Toby Jones,Oliver Stone
1687,Christo Jivkov,Mel Gibson
1688,Robin Williams,Chris Columbus
1689,Tom Cruise,Barry Levinson
1690,Clint Eastwood,Clint Eastwood
1691,Bruce McGill,Tim Story
1692,Bill Cobbs,Mick Jackson
1693,Liam Neeson,Steven Spielberg
1694,Mary Lynn Rajskub,Charles Herman-Wurmfeld
1695,Sarah Michelle Gellar,Raja Gosnell
1696,Darcy Donavan,Adam McKay
1697,Katharine Isabelle,Ronny Yu
1698,Josh Hutcherson,Gabor Csupo
1699,Martin Short,John A. Davis
1700,Mike Vogel,Matt Reeves
1701,Channing Tatum,Lasse Hallström
1702,Kevin Nash,Michael Pressman
1703,Bailee Madison,Andy Fickman
1704,Kelly Macdonald,Ethan Coen
1705,Colin Firth,Sharon Maguire
1706,Lena Olin,Lasse Hallström
1707,Natalie Portman,Ivan Reitman
1708,J.K. Simmons,Baltasar Kormákur
1709,Blythe Danner,Scott Hicks
1710,Michael Biehn,George P. Cosmatos
1711,Jet Li,Andrzej Bartkowiak
1712,Chelan Simmons,James Wong
1713,Alicia Witt,Tyler Perry
1714,Johnny Depp,Marc Forster
1715,Liam Neeson,Joe Carnahan
1716,Robert De Niro,John Polson
1717,Emma Stone,Fred Wolf
1718,Daniel Roebuck,Harald Zwart
1719,Colin Firth,Kirk Jones
1720,Robert De Niro,Martin Scorsese
1721,Jeff Bridges,Phillip Noyce
1722,Al Pacino,Brian De Palma
1723,Kelly Preston,Steve Oedekerk
1724,Cary-Hiroyuki Tagawa,Bernardo Bertolucci
1725,Meryl Streep,Stephen Daldry
1726,Heather Locklear,Brett Ratner
1727,Jim Meskimen,Paul Thomas Anderson
1728,Alfre Woodard,Cathy Malkasian
1729,Elizabeth Daily,John Eng
1730,Mike Vogel,Ken Kwapis
1731,Dave Chappelle,Malcolm D. Lee
1732,Jet Li,Chris Nahon
1733,Jon Hamm,Craig Gillespie
1734,Alfre Woodard,Bille Woodruff
1735,Colin Firth,Dennie Gordon
1736,Nicki Aycox,Victor Salva
1737,Dane Cook,Mark Helfrich
1738,Jet Li,Andrzej Bartkowiak
1739,Channing Tatum,Andy Fickman
1740,Lily Atkinson,Steve Bendelack
1741,Alexis Arquette,Ronny Yu
1742,Robin Williams,Kirsten Sheridan
1743,Nicholas Gonzalez,Dwight H. Little
1744,Ari Graynor,David Gordon Green
1745,Fanny Ardant,Shekhar Kapur
1746,Joseph Cotten,Richard Fleischer
1747,Jennifer Garner,Ivan Reitman
1748,Morgan Freeman,Frank Darabont
1749,Damon Wayans Jr.,Damien Dante Wayans
1750,Jere Burns,Simon Wincer
1751,Bill Murray,Bobby Farrelly
1752,Connie Ray,Tim Fywell
1753,Bailee Madison,Troy Nixey
1754,Chris Evans,Sylvain White
1755,Johnny Depp,Jeremy Leven
1756,Aimee Garcia,Nigel Cole
1757,Denzel Washington,Spike Lee
1758,Anthony Hopkins,Lee Tamahori
1759,Justin Fletcher,
1760,Chris Zylka,David R. Ellis
1761,Adam Sandler,Paul Thomas Anderson
1762,Matt Damon,Jeff Schaffer
1763,Laura Ramsey,Carter Smith
1764,Michael Fassbender,Ridley Scott
1765,Tyler James Williams,Paul Feig
1766,Dianne Wiest,James Bridges
1767,Claudia Christian,Don Michael Paul
1768,Tom Hardy,Brian Helgeland
1769,Martin Landau,Steve Barron
1770,Stephen Dillane,Bill Paxton
1771,Frank Langella,Richard Kelly
1772,Mark Valley,John Schlesinger
1773,Frank Grillo,Wes Craven
1774,Frank Grillo,Wes Craven
1775,Chris Marquette,Luke Greenfield
1776,Natasha Henstridge,Ringo Lam
1777,Martin Starr,Bruce McCulloch
1778,Martin Starr,Bruce McCulloch
1779,Sissy Spacek,Akiva Schaffer
1780,Emily Watson,Alan Parker
1781,Dallas Barnett,Andrew Adamson
1782,Marco Treviño,Patricia Riggen
1783,Frank Finlay,Tobe Hooper
1784,Robin Wright,Robert Redford
1785,Elizabeth Daily,
1786,Heath Ledger,Catherine Hardwicke
1787,Victor Wong,John Carpenter
1788,Alan Rickman,Neil Jordan
1789,Joseph Gordon-Levitt,Kimberly Peirce
1790,Tom Berenger,Ron Maxwell
1791,Charlie Hunnam,Stephen Gaghan
1792,Alexander Skarsgård,Rod Lurie
1793,John Doe,Jonathan Kaplan
1794,Brendan Fraser,Richard Benjamin
1795,Brian Bosworth,Craig R. Baxley
1796,Viggo Mortensen,John Hillcoat
1797,Hope Davis,Lasse Hallström
1798,Tanya Roberts,John Guillermin
1799,Cheech Marin,Marcos Siega
1800,Eddie Cibrian,J.B. Rogers
1801,Anthony Hopkins,Roger Donaldson
1802,Naomi Watts,Rachel Talalay
1803,Donald Faison,Jeffrey W. Byrd
1804,Don McKellar,Fernando Meirelles
1805,Kate Winslet,Roman Polanski
1806,Meat Loaf,Uwe Boll
1807,Nicolas Cage,Werner Herzog
1808,Natalie Portman,Gavin O'Connor
1809,Zoe Kazan,Richard Linklater
1810,Colin Firth,Atom Egoyan
1811,Billy Burke,Robert Towne
1812,Kristen Stewart,Walter Salles
1813,Scout Taylor-Compton,Taylor Hackford
1814,Jason Flemyng,Jonathan English
1815,Martin Kove,Mario Van Peebles
1818,Leonard Nimoy,Leonard Nimoy
1819,Omar Epps,Wes Craven
1820,Will Ferrell,Todd Phillips
1821,Sylvester Stallone,Sylvester Stallone
1822,Romany Malco,Tim Story
1823,Bruce Willis,Jonathan Lynn
1824,Jeff Bridges,Terry Gilliam
1825,Muse Watson,Danny Cannon
1826,Minnie Driver,Bonnie Hunt
1827,Kevin Spacey,Grant Heslov
1828,Gerry Bednob,Kevin Smith
1829,Daniel Roebuck,George Gallo
1830,Angelina Jolie Pitt,James Mangold
1831,Morgan Freeman,Neil LaBute
1832,Adam Scott,Alexandre Aja
1833,Dwayne Johnson,George Tillman Jr.
1834,Topher Grace,Robert Luketic
1835,Josh Charles,Tim Hill
1836,Oliver Platt,Brian Robbins
1837,Olivia Munn,Douglas McGrath
1838,Willie Garson,Ron Shelton
1839,Paul Walker,Steve Boyum
1840,Donald Pleasence,Richard Williams
1841,Robert De Niro,Mary McGuckian
1842,Emma Stone,Ruben Fleischer
1843,Harrison Ford,Irvin Kershner
1844,Adam Sandler,Frank Coraci
1845,George Kennedy,David Zucker
1846,Will Smith,Michael Bay
1847,Daniel Roebuck,James Wong
1848,Ryan Gosling,George Clooney
1849,Vin Diesel,David Twohy
1850,Hugh Jackman,Tony Goldwyn
1851,Scarlett Johansson,Spike Jonze
1852,Paul Walker,John Dahl
1853,Channing Tatum,Steven Soderbergh
1854,Natalie Portman,Wayne Wang
1855,Romola Garai,Mira Nair
1856,Hugh Jackman,Dexter Fletcher
1857,Hugh Jackman,Dexter Fletcher
1858,Judith Barsi,Joseph Sargent
1859,Seymour Cassel,Michael Dinner
1860,Leonardo DiCaprio,Jerry Zaks
1861,Annabella Sciorra,Andy Cadiff
1862,Annabella Sciorra,Andy Cadiff
1863,Tasha Smith,Fred Durst
1864,Stephen Rea,Neil Jordan
1865,Vanessa Williams,Simon Wincer
1866,James Franco,Paul Haggis
1867,Alessandro Nivola,Anne Fontaine
1868,Tom Burke,Stephen Frears
1869,Joan Rivers,Mel Brooks
1870,Drew Powell,Mikael Håfström
1871,Cem Yilmaz,Russell Crowe
1872,Demi Moore,Jerry Zucker
1873,Sarah Silverman,Bobby Farrelly
1874,Judge Reinhold,John Pasquin
1875,Dwayne Johnson,Andy Fickman
1876,Dennis Quaid,John Lee Hancock
1877,Clint Eastwood,Clint Eastwood
1878,Roma Downey,Christopher Spencer
1879,Louis Lombardi,Luke Greenfield
1880,Manish Dayal,Lasse Hallström
1881,Candice Bergen,Richard Attenborough
1882,Sophia Myles,Len Wiseman
1883,Ken Howard,Irwin Winkler
1884,Zachary Gordon,David Bowers
1885,Dianne Wiest,Jessie Nelson
1886,Denis O'Hare,Mikael Håfström
1887,Matt Damon,Steven Soderbergh
1888,Jack Reynor,Ken Scott
1889,Scarlett Johansson,Ethan Coen
1890,Will Ferrell,Kevin Smith
1891,Anthony Hopkins,Richard Attenborough
1892,Carlos Ponce,Mike Bigelow
1893,Stephen Root,Callie Khouri
1894,Jason Statham,Gary Fleder
1895,Amanda Detmer,Dennis Dugan
1896,Mira Sorvino,Spike Lee
1897,Chris Noth,Daniel Sackheim
1898,Ed Skrein,Camille Delamarre
1899,Rosario Dawson,Harry Elfont
1900,Richard E. Grant,Uli Edel
1901,Naomi Watts,David O. Russell
1902,Christian Bale,Scott Cooper
1903,CCH Pounder,Fred Dekker
1904,Brendan Fraser,Hugh Wilson
1905,Michael Biehn,Brian Trenchard-Smith
1906,Rock Hudson,Blake Edwards
1907,Johnny Depp,Laurence Dunmore
1908,Colin Firth,Rowan Joffe
1909,Robert De Niro,John Curran
1910,Gary Lewis,Christian Carion
1911,Roy Scheider,William Friedkin
1912,Romain Duris,Laurent Tirard
1913,Tom Wilkinson,Tony Gilroy
1914,Jeff Bridges,Mark Pellington
1915,Ornella Muti,Woody Allen
1916,Jennifer Lawrence,David O. Russell
1917,Minnie Driver,Trey Parker
1918,Clint Eastwood,Clint Eastwood
1919,Paige Turco,Stuart Gillard
1920,Keanu Reeves,Brian Robbins
1921,Omari Hardwick,Tyler Perry
1922,Hunter Parrish,Richard LaGravenese
1923,Djimon Hounsou,Jeff Wadlow
1924,Benedict Cumberbatch,Tomas Alfredson
1925,Jason London,Katt Shea
1926,Madeline Carroll,Joshua Michael Stern
1927,Catherine O'Hara,Sam Mendes
1928,Jake Gyllenhaal,Brad Silberling
1929,Jennifer Lawrence,Jodie Foster
1930,Dolly Parton,Colin Higgins
1931,Ian Somerhalder,Jim Sonzero
1932,Harrison Ford,Steven Spielberg
1933,Macaulay Culkin,Chris Columbus
1934,Bob Balaban,Steven Spielberg
1935,Dean Stockwell,Tony Scott
1936,Mackenzie Foy,James Wan
1937,Angus T. Jones,Adam Shankman
1938,Anthony Hopkins,Jonathan Demme
1939,Tia Carrere,Penelope Spheeris
1940,Bam Margera,Jeff Tremaine
1941,Roy Scheider,Jeannot Szwarc
1942,Jamie Lee Curtis,Raja Gosnell
1943,Gary Cole,Ben Falcone
1944,Nia Long,Brian Levant
1945,Shailene Woodley,Alexander Payne
1946,Miranda Cosgrove,Richard Linklater
1947,Sarah Roemer,D.J. Caruso
1948,Sarah Roemer,D.J. Caruso
1949,Christopher Lambert,Paul W.S. Anderson
1950,Busy Philipps,Keenen Ivory Wayans
1951,Tim Blake Nelson,Andrew Davis
1952,John Amos,Tyler Perry
1953,Kelly Preston,Julie Anne Robinson
1954,Michael Jai White,Tyler Perry
1955,Quvenzhané Wallis,Steve McQueen
1956,Leonard Roberts,Charles Stone III
1957,Sam Claflin,Thea Sharrock
1958,Mila Kunis,Jon Lucas
1959,Mila Kunis,Jon Lucas
1960,Johnny Depp,Tim Burton
1961,David Oyelowo,Ava DuVernay
1962,Alyson Hannigan,Aaron Seltzer
1963,Roger Rees,Robin Budd
1964,Haley Joel Osment,Steve Trenbirth
1965,Nia Long,Mennan Yapo
1966,Barry Watson,Stephen Kay
1967,Kath Soucie,Jun Falkenstein
1968,Billy Crudup,Tom McCarthy
1969,Jay Hernandez,Boaz Yakin
1970,Jimmy Bennett,Jaume Collet-Serra
1971,David Carradine,Jason Friedberg
1972,Jay Hernandez,Neil LaBute
1973,Sarah Michelle Gellar,Takashi Shimizu
1974,Richard Lawson,Kevin Rodney Sullivan
1975,Keanu Reeves,Peter Hewitt
1976,Robin Williams,Barry Levinson
1977,Peter Firth,Kevin Reynolds
1978,Diedrich Bader,Jason Friedberg
1979,Robert Forster,Gary Nelson
1980,Violante Placido,Anton Corbijn
1981,Jon Seda,Gregory Nava
1982,Patton Oswalt,Todd Strauss-Schulson
1983,Kate Winslet,Michel Gondry
1984,Gunnar Hansen,John Luessenhop
1985,Brad Pitt,Alejandro G. Iñárritu
1986,Tina Fey,Shawn Levy
1987,Philip Seymour Hoffman,John Patrick Shanley
1988,Jeremy Shada,Trey Parker
1989,William McNamara,Jon Amiel
1990,Mike Vogel,Jim Field Smith
1991,James Franco,Gus Van Sant
1992,Clint Eastwood,Joshua Logan
1993,Tom Wilkinson,John Madden
1994,Isaiah Washington,Steve Beck
1995,Jay Laga'aia,Michael Spierig
1996,Jason Statham,Roger Donaldson
1997,Sela Ward,Nelson McCormick
1998,Samira Wiley,Henry Joost
1999,Drake Bell,Stephen Frears
2000,Jeff Bridges,Jessica Bendinger
2001,Johnny Lewis,Eric Valette
2002,Joe Mantegna,John Schlesinger
2003,Keanu Reeves,David Ayer
2004,Michael Smiley,Edgar Wright
2005,Quentin Tarantino,Robert Rodriguez
2006,Jamie Lee Curtis,Andy Fickman
2007,Kay Panabaker,Andrew Fleming
2008,Kevin Sussman,Anthony Bell
2009,Alex Pettyfer,Shana Feste
2010,Laura Ramsey,Renny Harlin
2011,Leighton Meester,Thomas Bezucha
2012,Alan Rickman,Simon Wincer
2013,Kurtwood Smith,Gus Van Sant
2014,Jimmy Bennett,Robert Rodriguez
2015,Viggo Mortensen,Ed Harris
2016,Julia Roberts,Billy Ray
2017,Adam Sandler,Mike Binder
2018,Dane Cook,Howard Deutch
2019,Hector Elizondo,Garry Marshall
2020,Mako,Steve Rash
2021,Matthew Broderick,Richard Donner
2022,Kristen Stewart,Sean Penn
2023,Oliver Platt,Mark Steven Johnson
2024,Kath Soucie,Frank Nissen
2025,Jon Heder,Todd Phillips
2026,Radha Mitchell,Michael J. Bassett
2027,Robert Downey Jr.,Jodie Foster
2028,Shengyi Huang,Stephen Chow
2029,Haley Joel Osment,Peter Hastings
2030,Naomi Watts,Alejandro G. Iñárritu
2031,Andrew Fiscella,Nimród Antal
2032,Mustafa Haidari,Marc Forster
2033,Cole Hauser,Paul Abascal
2034,Thomas Lennon,Chris Koch
2035,Martin Landau,George Stevens
2036,Andy Dick,Amy Heckerling
2037,Ronald Reagan,Michael Moore
2038,Joseph Gilgun,James Mather
2039,Carmen Electra,Jason Friedberg
2040,Chris Evans,Mark Mylod
2041,Bill Murray,Jon Amiel
2042,Jason Statham,Mark Neveldine
2043,Bradley Cooper,John Wells
2044,Amy Poehler,Barry Levinson
2045,James Callis,Michael O. Sajbel
2046,Jim Broadbent,Woody Allen
2047,Aasif Mandvi,David Koepp
2048,Brendan Fraser,Phillip Noyce
2049,Kate Winslet,John Hillcoat
2050,Nicolas Cage,Gore Verbinski
2051,Fisher Stevens,Walter Hill
2052,Taylor Cole,Renny Harlin
2053,Chloë Grace Moretz,Matt Reeves
2054,Victor Wong,Charles T. Kanganis
2055,Quinton Aaron,Michel Gondry
2056,Bob Hoskins,Stephen Frears
2057,Woody Allen,Woody Allen
2058,Matthew Perry,Damon Santostefano
2059,Robert De Niro,Neil Jordan
2060,Natasha Lyonne,Woody Allen
2061,Aisha Tyler,James Wan
2062,Robert De Niro,Kirk Jones
2063,Scott Baio,Bob Clark
2064,Chris Brown,Benson Lee
2065,Miguel Ferrer,Les Mayfield
2066,Callum Rennie,Les Mayfield
2067,Martin Dew,Paul Thomas Anderson
2068,Debbie Reynolds,Michael Lembeck
2069,Alexa PenaVega,Robert Rodriguez
2070,Sammy Davis Jr.,Bob Fosse
2071,Jimmy Fallon,Dave Borthwick
2072,Chriss Anglin,David Zucker
2073,Laura Harring,Glen Morgan
2074,Kevin Alejandro,Fred Wolf
2075,Tom Wilkinson,Alejandro Monteverde
2076,Jim Broadbent,Mike Leigh
2077,Gerard Butler,Michael Apted
2078,David Oyelowo,J.C. Chandor
2079,Michael Fassbender,David Cronenberg
2080,Robert Downey Jr.,Richard Linklater
2081,Scott Porter,Todd Graff
2082,Catherine Lough Haggquist,Uwe Boll
2083,Cameron Bright,Jonathan Glazer
2084,Landon Liboiron,Paul Gross
2085,Dylan Authors,Marc Abraham
2086,Christian Bale,Todd Haynes
2087,Henry Cavill,Mabrouk El Mechri
2088,Zachary Gordon,Rian Johnson
2089,Philip Seymour Hoffman,Charlie Kaufman
2090,Isabelle Adjani,Jean-Paul Rappeneau
2091,Steve Guttenberg,Nancy Walker
2092,Ray Winstone,John Hillcoat
2093,Damon Wayans,Richard Benjamin
2094,Christian Bale,Kurt Wimmer
2095,Marco St. John,Kevin Munroe
2096,Chazz Palminteri,Matthew Diamond
2097,Radha Mitchell,Roger Spottiswoode
2098,Charlize Theron,James Gray
2099,Ryan Gosling,Andrew Jarecki
2100,Brad Pitt,Angelina Jolie Pitt
2101,William Hootkins,Katsuhiro Ôtomo
2102,Gerard Butler,David Anspaugh
2103,Esai Morales,Kevin Reynolds
2104,Djimon Hounsou,Julie Taymor
2105,Jiao Xu,Stephen Chow
2106,Christian Clavier,Jean-Marie Poiré
2107,Al Pacino,Daniel Algrant
2108,Emma Watson,Alejandro Amenábar
2109,Leonard Nimoy,Wayne Thornley
2110,Andy Lau,Daniel Lee
2111,Necar Zadegan,Jane Clark
2112,Milla Jovovich,James McTeigue
2116,Moritz Bleibtreu,Uli Edel
2117,Toby Jones,John Curran
2118,Nicolas Cage,Scott Walker
2119,Mem Ferda,Lee Tamahori
2120,Lea Thompson,Robert Zemeckis
2121,Mary McDonnell,Kevin Costner
2122,Justin Timberlake,Jake Kasdan
2123,Al Pacino,Harold Becker
2124,Taran Killam,Shawn Levy
2125,Eric Mendenhall,Tyler Perry
2126,Dan Byrd,Mark Rosman
2127,Scatman Crothers,Stanley Kubrick
2128,Shannon Elizabeth,Steve Beck
2129,Jeffrey Combs,William Malone
2130,Radha Mitchell,Breck Eisner
2131,Adam Scott,Anand Tucker
2132,Emily Watson,Brian Percival
2133,Nicole 'Snooki' Polizzi,
2134,Mara Wilson,Britt Allcroft
2135,Andy Lau,Alan Yuen
2136,Topher Grace,Michael Dowse
2137,Holly Hunter,Daniel Barnz
2138,James Mason,Anthony Mann
2139,Darci Kistler,Emile Ardolino
2140,Steve Buscemi,Robert Altman
2142,Tony Nappo,George A. Romero
2143,Jimmy Bennett,Andrew Douglas
2144,Nicolas Cage,Spike Jonze
2145,Jennifer Garner,Ricky Gervais
2146,Johnny Depp,Terry Gilliam
2147,Craig Roberts,Nicholas Stoller
2148,Peter Greene,Chuck Russell
2149,Tom Hanks,Penny Marshall
2150,Linda Cardellini,Robert Luketic
2151,Tina Fey,Mark Waters
2152,Leonard Nimoy,Leonard Nimoy
2153,Tom Wilkinson,Scott Derrickson
2154,Amy Poehler,Mike Mitchell
2155,Harry Lennix,Kevin Rodney Sullivan
2156,Craig T. Nelson,Thomas Bezucha
2157,Bernie Mac,Terry Zwigoff
2158,Nia Vardalos,Kirk Jones
2159,Will Ferrell,Jay Roach
2160,Zachary Gordon,David Bowers
2161,Jeffrey Jones,Milos Forman
2162,Ming-Na Wen,Nelson McCormick
2163,Dennis Quaid,Sean McNamara
2164,Raoul Bova,Audrey Wells
2165,Emma Stone,Alejandro G. Iñárritu
2166,Nicolas Cage,Francis Ford Coppola
2167,Kristin Scott Thomas,Robert Altman
2168,Sally Hawkins,Woody Allen
2169,Christian Clemenson,Paul Greengrass
2170,Christian Monzon,Bille Woodruff
2171,Hulk Hogan,Rick Friedberg
2172,Mako,Richard Fleischer
2173,Olivia Wilde,Jessie Nelson
2174,Bob Newhart,Mike Nichols
2175,Collette Wolfe,Jody Hill
2176,Robert De Niro,Martin Scorsese
2177,Judy Greer,Brandon Camp
2178,Kelsey Grammer,Kevin Tancharoen
2179,Nicholas Rowe,Barry Levinson
2180,James Franco,Danny Boyle
2181,Woody Allen,Woody Allen
2182,Amanda Schull,Nicholas Hytner
2183,Kristen Stewart,Bart Freundlich
2184,Ian Somerhalder,Irwin Winkler
2185,Steve Buscemi,Miguel Arteta
2186,Yaya DaCosta,Rob Reiner
2187,Alan Ruck,Chris Columbus
2188,Nancy Allen,Brian De Palma
2189,Daniel Radcliffe,John Boorman
2190,Jason Robards,William A. Fraker
2191,J.K. Simmons,Jason Reitman
2192,Rebecca Budig,Courtney Solomon
2193,Joan Allen,Ang Lee
2194,Miriam Margolyes,István Szabó
2195,Craig T. Nelson,Jeff Kanew
2196,Ricardo Darín,Fabián Bielinsky
2197,David Masterson,Michael Hoffman
2198,Ian McDiarmid,Matthew Robbins
2199,Johnny Depp,Tim Burton
2200,Tom Hardy,Guy Ritchie
2201,Barry Bostwick,Hal Needham
2202,Bruce Greenwood,Bruce Beresford
2203,Jeremy Irvine,Jonathan Teplitzky
